index,origin,source_name,calib_name,sha256
0,cctv-gun/usrt,Cam1-From09-23-00To10-03-25_Segment_0_x264_frame_1.jpg,0000_cctv-gun-usrt_Cam1-From09-23-00To10-03-25_Segment_0_x264_frame_1.jpg,58146c56de2bdfb17bb0f50eca511652024d88873aad75cf00a23beb036ab3f4
1,cctv-gun/usrt,Cam1-From09-23-00To10-03-25_Segment_0_x264_frame_21.jpg,0001_cctv-gun-usrt_Cam1-From09-23-00To10-03-25_Segment_0_x264_frame_21.jpg,2aaafcfecaadbb8f2bfe325168d0ad64a57f06e2318cd97f18a24754c1b7b3e4
2,cctv-gun/usrt,Cam1-From09-23-00To10-03-25_Segment_0_x264_frame_40.jpg,0002_cctv-gun-usrt_Cam1-From09-23-00To10-03-25_Segment_0_x264_frame_40.jpg,c3b94c1499701fc5729442f22b3c1c9742af1709fc84ec8c92acdb958d4de67c
3,cctv-gun/usrt,Cam1-From09-23-00To10-03-25_Segment_0_x264_frame_58.jpg,0003_cctv-gun-usrt_Cam1-From09-23-00To10-03-25_Segment_0_x264_frame_58.jpg,99ceead0784dbb7e3de60960fb492dcac4390ae2be7f96d648d4a15f2a1a8cd9
4,cctv-gun/usrt,Cam1-From09-23-00To10-03-25_Segment_0_x264_frame_77.jpg,0004_cctv-gun-usrt_Cam1-From09-23-00To10-03-25_Segment_0_x264_frame_77.jpg,a9857718a909068f776b978eb0f4c99b9c1cecbb3d06ffcb1174a77a9eab4d33
5,cctv-gun/usrt,Cam1-From09-23-00To10-03-25_Segment_0_x264_frame_96.jpg,0005_cctv-gun-usrt_Cam1-From09-23-00To10-03-25_Segment_0_x264_frame_96.jpg,b1f944d2be8c00d127d26430197558eaec1529eef438be0ec3092b55d0388462
6,cctv-gun/usrt,Cam1-From09-23-00To10-03-25_Segment_0_x264_frame_115.jpg,0006_cctv-gun-usrt_Cam1-From09-23-00To10-03-25_Segment_0_x264_frame_115.jpg,d1166778fdc2df0c3cf2b1f31fbad405146dbd419ae76331eef1adfd49349a47
7,cctv-gun/usrt,Cam1-From09-23-00To10-03-25_Segment_1_x264_frame_1.jpg,0007_cctv-gun-usrt_Cam1-From09-23-00To10-03-25_Segment_1_x264_frame_1.jpg,7480fd2e12c11787403c127badd805afa0df7e3555d8c7eaba9c76e9ae4dc092
8,cctv-gun/usrt,Cam1-From09-23-00To10-03-25_Segment_1_x264_frame_25.jpg,0008_cctv-gun-usrt_Cam1-From09-23-00To10-03-25_Segment_1_x264_frame_25.jpg,ebaae0425bc34c063445742582dfb12f240fbb7c9accf3c3257f92de7ec14b36
9,cctv-gun/usrt,Cam1-From09-23-00To10-03-25_Segment_1_x264_frame_52.jpg,0009_cctv-gun-usrt_Cam1-From09-23-00To10-03-25_Segment_1_x264_frame_52.jpg,9ba1d876c6e1d00d9688469f739c6aca8c76a7c54cf124f76a6d145dbcb13cd5
10,cctv-gun/usrt,Cam1-From09-23-00To10-03-25_Segment_1_x264_frame_76.jpg,0010_cctv-gun-usrt_Cam1-From09-23-00To10-03-25_Segment_1_x264_frame_76.jpg,8154dbf5f42aaa976a65ecc8c3ee034a25ad0f74e6a09a11f80bacd77d67dc76
11,cctv-gun/usrt,Cam1-From09-23-00To10-03-25_Segment_2_x264_frame_6.jpg,0011_cctv-gun-usrt_Cam1-From09-23-00To10-03-25_Segment_2_x264_frame_6.jpg,dd181492bafe156bb821647cf78abc29abe23b0f4d362a9a50dca57b742ad6b0
12,cctv-gun/usrt,Cam1-From09-23-00To10-03-25_Segment_2_x264_frame_27.jpg,0012_cctv-gun-usrt_Cam1-From09-23-00To10-03-25_Segment_2_x264_frame_27.jpg,0a3cc9effd56107b2bf8f214343f1fd4d1f0c889fd90c7f169688df94d809324
13,cctv-gun/usrt,Cam1-From09-23-00To10-03-25_Segment_2_x264_frame_48.jpg,0013_cctv-gun-usrt_Cam1-From09-23-00To10-03-25_Segment_2_x264_frame_48.jpg,59931f3c2529a40d9fe6296679def7a209e6155d6013d1cf5a4eb720d0482e22
14,cctv-gun/usrt,Cam1-From09-23-00To10-03-25_Segment_2_x264_frame_69.jpg,0014_cctv-gun-usrt_Cam1-From09-23-00To10-03-25_Segment_2_x264_frame_69.jpg,898f09c14f9ccb614df6b07240f70e97f4e3c509c857ca8de1dafa4163147260
15,cctv-gun/usrt,Cam1-From09-23-00To10-03-25_Segment_3_x264_frame_1.jpg,0015_cctv-gun-usrt_Cam1-From09-23-00To10-03-25_Segment_3_x264_frame_1.jpg,3c4424d295b51d4b37a63fcb926a339cdb7525a244a6acbd8145afb9dff43b2d
16,cctv-gun/usrt,Cam1-From09-23-00To10-03-25_Segment_3_x264_frame_34.jpg,0016_cctv-gun-usrt_Cam1-From09-23-00To10-03-25_Segment_3_x264_frame_34.jpg,fd9300937371a525b8f2eca924528df83edddd486618df31b55682204ab1c416
17,cctv-gun/usrt,Cam1-From09-23-00To10-03-25_Segment_4_x264_frame_8.jpg,0017_cctv-gun-usrt_Cam1-From09-23-00To10-03-25_Segment_4_x264_frame_8.jpg,dba99a9e8171858eb823e159bb41342304b352973cc372e42d8c0e9fe8b15320
18,cctv-gun/usrt,Cam1-From09-23-00To10-03-25_Segment_4_x264_frame_33.jpg,0018_cctv-gun-usrt_Cam1-From09-23-00To10-03-25_Segment_4_x264_frame_33.jpg,6744e911e9fe182c6499e20ccede6ea08fd490976659aceb85b11f564aef5418
19,cctv-gun/usrt,Cam1-From09-23-00To10-03-25_Segment_4_x264_frame_62.jpg,0019_cctv-gun-usrt_Cam1-From09-23-00To10-03-25_Segment_4_x264_frame_62.jpg,52083b1dc7d9d76de43cc2cdbbf2425d52da8fc3cc0b27f02fc4addf850b0789
20,cctv-gun/usrt,Cam1-From09-23-00To10-03-25_Segment_4_x264_frame_89.jpg,0020_cctv-gun-usrt_Cam1-From09-23-00To10-03-25_Segment_4_x264_frame_89.jpg,6cad17c15d1e5674dad61e500df7267274631589ca5b33850dce94f09379d9f8
21,cctv-gun/usrt,Cam1-From09-23-00To10-03-25_Segment_5_x264_frame_36.jpg,0021_cctv-gun-usrt_Cam1-From09-23-00To10-03-25_Segment_5_x264_frame_36.jpg,03664f01820937f3b8323db022f08c68a4b42ede94fe4709be25e191a62e13e5
22,cctv-gun/usrt,Cam1-From09-23-00To10-03-25_Segment_5_x264_frame_59.jpg,0022_cctv-gun-usrt_Cam1-From09-23-00To10-03-25_Segment_5_x264_frame_59.jpg,241770ea07ef8e1ae5db636d0a39dbbbfe009962241fd39b37b175656e7118ce
23,cctv-gun/usrt,Cam1-From09-23-00To10-03-25_Segment_5_x264_frame_113.jpg,0023_cctv-gun-usrt_Cam1-From09-23-00To10-03-25_Segment_5_x264_frame_113.jpg,01c3690cc9462fc36124c618a6338784d0117a65c1c2e4c8a00b6510fc1909d6
24,cctv-gun/usrt,Cam1-From09-23-00To10-03-25_Segment_5_x264_frame_132.jpg,0024_cctv-gun-usrt_Cam1-From09-23-00To10-03-25_Segment_5_x264_frame_132.jpg,e7f71c3ecec87249e6e9286916628d9cbb53ca70b2ef6a371a634077622faab1
25,cctv-gun/usrt,Cam1-From09-23-00To10-03-25_Segment_5_x264_frame_150.jpg,0025_cctv-gun-usrt_Cam1-From09-23-00To10-03-25_Segment_5_x264_frame_150.jpg,8b9bd28c52fae079cd5e609941f985e8956cbd9f3929c40b0c1b03b159efa0ec
26,cctv-gun/usrt,Cam1-From09-23-00To10-03-25_Segment_5_x264_frame_169.jpg,0026_cctv-gun-usrt_Cam1-From09-23-00To10-03-25_Segment_5_x264_frame_169.jpg,4941356bee410a5bc014d4a5408de3d747132f35b42be53b82481f36da6984e0
27,cctv-gun/usrt,Cam1-From09-23-00To10-03-25_Segment_5_x264_frame_188.jpg,0027_cctv-gun-usrt_Cam1-From09-23-00To10-03-25_Segment_5_x264_frame_188.jpg,f2bc74ed2c3beddbf8cc6decc400ddb65b1775fee765988c8241b9bd33097831
28,cctv-gun/usrt,Cam1-From09-23-00To10-03-25_Segment_5_x264_frame_206.jpg,0028_cctv-gun-usrt_Cam1-From09-23-00To10-03-25_Segment_5_x264_frame_206.jpg,d2374cb2a13e9abfdd2539ecd7068ecc44cb25e7141353444526f05eb550f20d
29,cctv-gun/usrt,Cam1-From09-23-00To10-03-25_Segment_5_x264_frame_225.jpg,0029_cctv-gun-usrt_Cam1-From09-23-00To10-03-25_Segment_5_x264_frame_225.jpg,e4dfefef541e0207c656e6def3d3fda0c9de9fcb92a59a116585463aa76ba329
30,cctv-gun/usrt,Cam5-From09-24-18To09-26-43-Guns_x264_Segment_0_x264_frame_3.jpg,0030_cctv-gun-usrt_Cam5-From09-24-18To09-26-43-Guns_x264_Segment_0_x264_frame_3.jpg,cdc6f8724a4fa82fff5c9ee8c1e80fecc37dee0e6ccd1a69f6985f7847691b58
31,cctv-gun/usrt,Cam5-From09-24-18To09-26-43-Guns_x264_Segment_0_x264_frame_23.jpg,0031_cctv-gun-usrt_Cam5-From09-24-18To09-26-43-Guns_x264_Segment_0_x264_frame_23.jpg,2d35f39137358de9a7a143555a20a9bf3037230c677fd531425163ca3fc9965e
32,cctv-gun/usrt,Cam5-From09-24-18To09-26-43-Guns_x264_Segment_0_x264_frame_42.jpg,0032_cctv-gun-usrt_Cam5-From09-24-18To09-26-43-Guns_x264_Segment_0_x264_frame_42.jpg,b6bd3e6d5d55da486919f3543a201f97da4cb60dd571758c9b3776e17bc4c2ab
33,cctv-gun/usrt,Cam5-From09-24-18To09-26-43-Guns_x264_Segment_0_x264_frame_62.jpg,0033_cctv-gun-usrt_Cam5-From09-24-18To09-26-43-Guns_x264_Segment_0_x264_frame_62.jpg,8e069bd808f77c8395f4dd82eb257a4c6a57da0cb1026e3677f7571067efe4a9
34,cctv-gun/usrt,Cam5-From09-24-18To09-26-43-Guns_x264_Segment_0_x264_frame_82.jpg,0034_cctv-gun-usrt_Cam5-From09-24-18To09-26-43-Guns_x264_Segment_0_x264_frame_82.jpg,cb6061a1291947a8de2ed591b8057b61ac757b65bcd52a5c7b624cc54235d4a9
35,cctv-gun/usrt,Cam5-From09-24-18To09-26-43-Guns_x264_Segment_0_x264_frame_101.jpg,0035_cctv-gun-usrt_Cam5-From09-24-18To09-26-43-Guns_x264_Segment_0_x264_frame_101.jpg,ca2d03e6ee65979c0888c0f9c4e55c886a2ccd59bbf9a68cff4845c54e1b8f7d
36,cctv-gun/usrt,Cam5-From09-24-18To09-26-43-Guns_x264_Segment_0_x264_frame_121.jpg,0036_cctv-gun-usrt_Cam5-From09-24-18To09-26-43-Guns_x264_Segment_0_x264_frame_121.jpg,03f5da342061bc19613ed600f2e415414547dd82ff08388c379139b09283443d
37,cctv-gun/usrt,Cam5-From09-24-18To09-26-43-Guns_x264_Segment_1_x264_frame_1.jpg,0037_cctv-gun-usrt_Cam5-From09-24-18To09-26-43-Guns_x264_Segment_1_x264_frame_1.jpg,dfb6397db00e5231a76f5caece306234fd880bbf1274a836703d3523639ec453
38,cctv-gun/usrt,Cam5-From09-24-18To09-26-43-Guns_x264_Segment_1_x264_frame_22.jpg,0038_cctv-gun-usrt_Cam5-From09-24-18To09-26-43-Guns_x264_Segment_1_x264_frame_22.jpg,8daf759e7f9fd658863d6aa9c145d08c567ad3d4f66755ad56a1ffe94e648bc9
39,cctv-gun/usrt,Cam5-From09-24-18To09-26-43-Guns_x264_Segment_1_x264_frame_61.jpg,0039_cctv-gun-usrt_Cam5-From09-24-18To09-26-43-Guns_x264_Segment_1_x264_frame_61.jpg,c07b146b6dd50b2b2221c1b74b37bb93b349712b67345e11ffc4a1594d9b8a59
40,cctv-gun/usrt,Cam5-From09-24-18To09-26-43-Guns_x264_Segment_1_x264_frame_82.jpg,0040_cctv-gun-usrt_Cam5-From09-24-18To09-26-43-Guns_x264_Segment_1_x264_frame_82.jpg,38edbd4c6d409d10c5155526b79d4afb2ac17c8aebe210457331205c237f6672
41,cctv-gun/usrt,Cam5-From09-24-18To09-26-43-Guns_x264_Segment_1_x264_frame_103.jpg,0041_cctv-gun-usrt_Cam5-From09-24-18To09-26-43-Guns_x264_Segment_1_x264_frame_103.jpg,ceb8a563e24ef0f1cdce763c387b97cbec3f2ed21b54a78e369aebe07bc6c47a
42,cctv-gun/usrt,Cam5-From09-24-18To09-26-43-Guns_x264_Segment_1_x264_frame_124.jpg,0042_cctv-gun-usrt_Cam5-From09-24-18To09-26-43-Guns_x264_Segment_1_x264_frame_124.jpg,510df1fb34b2c768c63145820853875dedbe5079bd874d758d75edf279ff701e
43,cctv-gun/usrt,Cam5-From09-24-18To09-26-43-Guns_x264_Segment_1_x264_frame_145.jpg,0043_cctv-gun-usrt_Cam5-From09-24-18To09-26-43-Guns_x264_Segment_1_x264_frame_145.jpg,8f1878346b6d9b052898798ac7a4c2b1777a7e3f155911831155b300761e732d
44,cctv-gun/usrt,Cam5-From09-27-50To09-29-30-Guns_x264_frame_9.jpg,0044_cctv-gun-usrt_Cam5-From09-27-50To09-29-30-Guns_x264_frame_9.jpg,747d147d249be5bac803134aeb243fef73b689753176de558491eb965b03c4e3
45,cctv-gun/usrt,Cam5-From09-27-50To09-29-30-Guns_x264_frame_28.jpg,0045_cctv-gun-usrt_Cam5-From09-27-50To09-29-30-Guns_x264_frame_28.jpg,649a9bb820863ce3f3df2f7845a28513dec010e3915c2ee1f8e0cf8df9c4c360
46,cctv-gun/usrt,Cam5-From09-27-50To09-29-30-Guns_x264_frame_47.jpg,0046_cctv-gun-usrt_Cam5-From09-27-50To09-29-30-Guns_x264_frame_47.jpg,2d07da66f81e5c52325c348244c2a8c4c57a887133a0043d897bb77632a450c6
47,cctv-gun/usrt,Cam5-From09-27-50To09-29-30-Guns_x264_frame_74.jpg,0047_cctv-gun-usrt_Cam5-From09-27-50To09-29-30-Guns_x264_frame_74.jpg,5e4819c4c152b620844dff025263bbf152dc239cfa2bf91938a6db150be30179
48,cctv-gun/usrt,Cam5-From09-27-50To09-29-30-Guns_x264_frame_107.jpg,0048_cctv-gun-usrt_Cam5-From09-27-50To09-29-30-Guns_x264_frame_107.jpg,aec303cb056ae7c4e4a9d61c1a26acfb3bdb252e870b87fc1e5a5616ef4d7368
49,cctv-gun/usrt,Cam5-From09-27-50To09-29-30-Guns_x264_frame_158.jpg,0049_cctv-gun-usrt_Cam5-From09-27-50To09-29-30-Guns_x264_frame_158.jpg,7e0827603b25e558de443bf44fd431edc86bd79fa2e5b0b366678fa232bb7899
50,cctv-gun/usrt,Cam5-From09-27-50To09-29-30-Guns_x264_frame_180.jpg,0050_cctv-gun-usrt_Cam5-From09-27-50To09-29-30-Guns_x264_frame_180.jpg,4f846ac1022ca47a134459e6a1c7d9c65dcfbfd8e9e8d46acc7e52f3989eb4d7
51,cctv-gun/usrt,Cam5-From09-27-50To09-29-30-Guns_x264_frame_199.jpg,0051_cctv-gun-usrt_Cam5-From09-27-50To09-29-30-Guns_x264_frame_199.jpg,15bd736e271d12308c567f4f437bca5ff34b58c882260a4269caea318114855e
52,cctv-gun/usrt,Cam5-From09-27-50To09-29-30-Guns_x264_frame_253.jpg,0052_cctv-gun-usrt_Cam5-From09-27-50To09-29-30-Guns_x264_frame_253.jpg,a8d3f9cc759597e9381ee1088c7946e18da41c37a4d7a11e5499e1d5a6353fbe
53,cctv-gun/usrt,Cam5-From09-27-50To09-29-30-Guns_x264_frame_272.jpg,0053_cctv-gun-usrt_Cam5-From09-27-50To09-29-30-Guns_x264_frame_272.jpg,e86158a1fea62a29024003238a46d24a08a359ff4681f4c46f5570936e091d1a
54,cctv-gun/usrt,Cam5-From09-27-50To09-29-30-Guns_x264_frame_291.jpg,0054_cctv-gun-usrt_Cam5-From09-27-50To09-29-30-Guns_x264_frame_291.jpg,a60e49a12b2dab1664a92cfee80199854df6f0a5f518b97b4fffdec52feca3b4
55,cctv-gun/usrt,Cam5-From09-27-50To09-29-30-Guns_x264_frame_309.jpg,0055_cctv-gun-usrt_Cam5-From09-27-50To09-29-30-Guns_x264_frame_309.jpg,a1d729d73828dfff96bdc647b3caae448d25fb6c86425d8ddbda3238faa609a6
56,cctv-gun/usrt,Cam5-From09-27-50To09-29-30-Guns_x264_frame_328.jpg,0056_cctv-gun-usrt_Cam5-From09-27-50To09-29-30-Guns_x264_frame_328.jpg,9728165ac3e18edb39e32d5372f67db761d41e13b7598bab57b566eb48d33634
57,cctv-gun/usrt,Cam5-From09-27-50To09-29-30-Guns_x264_frame_347.jpg,0057_cctv-gun-usrt_Cam5-From09-27-50To09-29-30-Guns_x264_frame_347.jpg,10e3b4be84149f42d093c56421dad9488a72dbfd6e7e2973b973c94ab1277872
58,cctv-gun/usrt,Cam5-From09-27-50To09-29-30-Guns_x264_frame_366.jpg,0058_cctv-gun-usrt_Cam5-From09-27-50To09-29-30-Guns_x264_frame_366.jpg,e982f23ecb90c251b28237a92ffb0a183fc7fb6e72e03715800b1199200a7964
59,cctv-gun/usrt,Cam5-From09-30-04To09-30-42-Guns_x264_frame_7.jpg,0059_cctv-gun-usrt_Cam5-From09-30-04To09-30-42-Guns_x264_frame_7.jpg,f6179361771410435044357de0c89696f88dd0fec24d690dc4b5fb0dda08b618
60,cctv-gun/usrt,Cam5-From09-30-04To09-30-42-Guns_x264_frame_28.jpg,0060_cctv-gun-usrt_Cam5-From09-30-04To09-30-42-Guns_x264_frame_28.jpg,4e20abe2841f047d49792ac187ff2c10bc3b9d12c0077e974da637bdb7dee72b
61,cctv-gun/usrt,Cam5-From09-30-04To09-30-42-Guns_x264_frame_50.jpg,0061_cctv-gun-usrt_Cam5-From09-30-04To09-30-42-Guns_x264_frame_50.jpg,d6c0aeb0405f7223035f9f72cdba2e3113fbc1f2a6d6045a261f1aec65937310
62,cctv-gun/usrt,Cam5-From09-30-04To09-30-42-Guns_x264_frame_76.jpg,0062_cctv-gun-usrt_Cam5-From09-30-04To09-30-42-Guns_x264_frame_76.jpg,114d44778b8a7de924e1ed07165a78ca47694095710ef3e8e893f2a72270ccd4
63,cctv-gun/usrt,Cam5-From09-30-04To09-30-42-Guns_x264_frame_106.jpg,0063_cctv-gun-usrt_Cam5-From09-30-04To09-30-42-Guns_x264_frame_106.jpg,084615985f03886b8b7344788d6a66f18f6299c57f71d0c2f7dab97c6a54a342
64,cctv-gun/usrt,Cam5-From09-30-04To09-30-42-Guns_x264_frame_140.jpg,0064_cctv-gun-usrt_Cam5-From09-30-04To09-30-42-Guns_x264_frame_140.jpg,eac988609b12ac04fbdf8db63e8cb42fde06a582895e1ff768ccad74d10ac0e8
65,cctv-gun/usrt,Cam5-From09-32-26To09-33-10-Guns_x264_frame_1.jpg,0065_cctv-gun-usrt_Cam5-From09-32-26To09-33-10-Guns_x264_frame_1.jpg,72cd202d8c09c9a290d6b69190d6b08cac9b4b7cd6a9a70db53567dcc985b916
66,cctv-gun/usrt,Cam5-From09-32-26To09-33-10-Guns_x264_frame_25.jpg,0066_cctv-gun-usrt_Cam5-From09-32-26To09-33-10-Guns_x264_frame_25.jpg,4b01cd683e0e9ec2b5b46003acc874a758c412d365eef94677c3a9cb6fc29496
67,cctv-gun/usrt,Cam5-From09-32-26To09-33-10-Guns_x264_frame_50.jpg,0067_cctv-gun-usrt_Cam5-From09-32-26To09-33-10-Guns_x264_frame_50.jpg,025bddf9e7d8cb85ac4f2e273c1e16a02bce71d3b69a03c2044f3e738ef5bb94
68,cctv-gun/usrt,Cam5-From09-32-26To09-33-10-Guns_x264_frame_74.jpg,0068_cctv-gun-usrt_Cam5-From09-32-26To09-33-10-Guns_x264_frame_74.jpg,78379992c9ac68f8a51aae2abba0b5f7d45e3d8cc4765ac41b158ee26dec377c
69,cctv-gun/usrt,Cam5-From09-46-24To09-47-02_x264_frame_1.jpg,0069_cctv-gun-usrt_Cam5-From09-46-24To09-47-02_x264_frame_1.jpg,8e3c62f9dfcf5eb44fdaf8cf73ae07b44db5d32326e2fc812a80a4dbc3bcf240
70,cctv-gun/usrt,Cam5-From09-46-24To09-47-02_x264_frame_23.jpg,0070_cctv-gun-usrt_Cam5-From09-46-24To09-47-02_x264_frame_23.jpg,60d711be9673fc37a694816d3854e4dec4cb19aec34acdf0caad0b3d0b276dee
71,cctv-gun/usrt,Cam5-From09-46-24To09-47-02_x264_frame_44.jpg,0071_cctv-gun-usrt_Cam5-From09-46-24To09-47-02_x264_frame_44.jpg,b295617dbe975a778be9e45b587b531d7389effa5716771cf3dfadc517920f5b
72,cctv-gun/usrt,Cam5-From09-47-49To09-48-30_x264_frame_4.jpg,0072_cctv-gun-usrt_Cam5-From09-47-49To09-48-30_x264_frame_4.jpg,7fab46882489ae2f1f28c8f217ddbb4adb8bd6880786c34ef9dc9ff47b5be523
73,cctv-gun/usrt,Cam5-From09-47-49To09-48-30_x264_frame_24.jpg,0073_cctv-gun-usrt_Cam5-From09-47-49To09-48-30_x264_frame_24.jpg,a61a3c6adb2f0474dbdb8a5285082375e4df58cd47bb09e5acc01d9a193a0ab8
74,cctv-gun/usrt,Cam5-From09-47-49To09-48-30_x264_frame_43.jpg,0074_cctv-gun-usrt_Cam5-From09-47-49To09-48-30_x264_frame_43.jpg,149b7b1dde55e70fee948bb222244729584dd8f85ce52530d8c176fb83c6f24d
75,cctv-gun/usrt,Cam5-From09-47-49To09-48-30_x264_frame_63.jpg,0075_cctv-gun-usrt_Cam5-From09-47-49To09-48-30_x264_frame_63.jpg,2cb53aaaae71334dc1e7854e77d85cde9a2290eadbb72cabd0d8db6ad8362083
76,cctv-gun/usrt,Cam5-From09-47-49To09-48-30_x264_frame_82.jpg,0076_cctv-gun-usrt_Cam5-From09-47-49To09-48-30_x264_frame_82.jpg,6506df5988cc53615a9f683061f54ef0d0c170fdea86ef2401ab86a4d7568b32
77,cctv-gun/usrt,Cam5-From09-47-49To09-48-30_x264_frame_102.jpg,0077_cctv-gun-usrt_Cam5-From09-47-49To09-48-30_x264_frame_102.jpg,9cce1508578e8312d5fb8a54b316a442a1fa4ec35cf6337014da20b1c2c197f0
78,cctv-gun/usrt,Cam5-From09-47-49To09-48-30_x264_frame_121.jpg,0078_cctv-gun-usrt_Cam5-From09-47-49To09-48-30_x264_frame_121.jpg,92f27785aee97975e443c71882f6ec286f28b2169b44ed1c1f12eefda6555b35
79,cctv-gun/usrt,Cam5-From09-47-49To09-48-30_x264_frame_141.jpg,0079_cctv-gun-usrt_Cam5-From09-47-49To09-48-30_x264_frame_141.jpg,758ff6730de7d0a23fd73e4e89d4c012bd35f5d7dccb5aea2141998b9a92bc88
80,cctv-gun/usrt,Cam7-From09-05-50To10-09-24_Segment_10_x264_frame_4.jpg,0080_cctv-gun-usrt_Cam7-From09-05-50To10-09-24_Segment_10_x264_frame_4.jpg,8f2487f2bd1b9d42a177435c00049bab1949578f60280008e52d187ab9060fab
81,cctv-gun/usrt,Cam7-From09-05-50To10-09-24_Segment_10_x264_frame_27.jpg,0081_cctv-gun-usrt_Cam7-From09-05-50To10-09-24_Segment_10_x264_frame_27.jpg,cd31f9edb750260819a02453b08dafb67c91f424e5f0cd01c4a0182e272819cc
82,cctv-gun/usrt,Cam7-From09-05-50To10-09-24_Segment_10_x264_frame_50.jpg,0082_cctv-gun-usrt_Cam7-From09-05-50To10-09-24_Segment_10_x264_frame_50.jpg,2cf2f7f7cf333169e227c1ea901084ff7a4faa1086ec03909b9b270803b63e6d
83,cctv-gun/usrt,Cam7-From09-05-50To10-09-24_Segment_10_x264_frame_81.jpg,0083_cctv-gun-usrt_Cam7-From09-05-50To10-09-24_Segment_10_x264_frame_81.jpg,6c132de0c55f3a7bb425338c660c30b15aca5d59dcb4124656515308309a1a1b
84,cctv-gun/usrt,Cam7-From09-05-50To10-09-24_Segment_10_x264_frame_106.jpg,0084_cctv-gun-usrt_Cam7-From09-05-50To10-09-24_Segment_10_x264_frame_106.jpg,9f012550db190bf13830566d7493f2442af122e298b52ba4b04c6c1490e74066
85,cctv-gun/usrt,Cam7-From09-05-50To10-09-24_Segment_11_x264_frame_4.jpg,0085_cctv-gun-usrt_Cam7-From09-05-50To10-09-24_Segment_11_x264_frame_4.jpg,4a0085740279aa6e66c861e41d0d42a71079acd6b2051385608ca9183818143a
86,cctv-gun/usrt,Cam7-From09-05-50To10-09-24_Segment_11_x264_frame_44.jpg,0086_cctv-gun-usrt_Cam7-From09-05-50To10-09-24_Segment_11_x264_frame_44.jpg,a5e164ed679a1ebb2a80ac3b84fc30825a8c8dc4906f1a4a19808fdce8651874
87,cctv-gun/usrt,Cam7-From09-05-50To10-09-24_Segment_11_x264_frame_100.jpg,0087_cctv-gun-usrt_Cam7-From09-05-50To10-09-24_Segment_11_x264_frame_100.jpg,f4aea57823ce7ea53aab8e4241f9312a2646dec4e6bf716fc6b338c13ddd9f22
88,cctv-gun/usrt,Cam7-From09-05-50To10-09-24_Segment_11_x264_frame_141.jpg,0088_cctv-gun-usrt_Cam7-From09-05-50To10-09-24_Segment_11_x264_frame_141.jpg,c7c8822e75f9ff869931e822ea16f2a7338def4e59b4fa13271887e8d3db018f
89,cctv-gun/usrt,Cam7-From09-05-50To10-09-24_Segment_13_x264_frame_1.jpg,0089_cctv-gun-usrt_Cam7-From09-05-50To10-09-24_Segment_13_x264_frame_1.jpg,414e4fd453efe85256742c15b9c1e32fa737b4dde7f8403a24697dd51148456f
90,cctv-gun/usrt,Cam7-From09-05-50To10-09-24_Segment_13_x264_frame_19.jpg,0090_cctv-gun-usrt_Cam7-From09-05-50To10-09-24_Segment_13_x264_frame_19.jpg,2acf8055ba597c552e28db7c2c5672a3685f4a5b26057243f36dfdec1d190252
91,cctv-gun/usrt,Cam7-From09-05-50To10-09-24_Segment_13_x264_frame_39.jpg,0091_cctv-gun-usrt_Cam7-From09-05-50To10-09-24_Segment_13_x264_frame_39.jpg,040c508602fe9d3be79b9b1e9702ba632fcf5cf2fec3e5fca811a4eb3a04eb8d
92,cctv-gun/usrt,Cam7-From09-05-50To10-09-24_Segment_13_x264_frame_58.jpg,0092_cctv-gun-usrt_Cam7-From09-05-50To10-09-24_Segment_13_x264_frame_58.jpg,2675b31aacba816475ca13806f062cfc0857fc30d9241d0564d897a657245b2f
93,cctv-gun/usrt,Cam7-From09-05-50To10-09-24_Segment_13_x264_frame_78.jpg,0093_cctv-gun-usrt_Cam7-From09-05-50To10-09-24_Segment_13_x264_frame_78.jpg,734cde3d3560c9869ccb1e1509b7e32060ed005930290b6224dbfe2ab5af88cc
94,cctv-gun/usrt,Cam7-From09-05-50To10-09-24_Segment_13_x264_frame_96.jpg,0094_cctv-gun-usrt_Cam7-From09-05-50To10-09-24_Segment_13_x264_frame_96.jpg,7ad46fae1edf7ee8e1a00dd79bb1ea4370f37f436834984ba466dc76e1fb7482
95,cctv-gun/usrt,Cam7-From09-05-50To10-09-24_Segment_13_x264_frame_114.jpg,0095_cctv-gun-usrt_Cam7-From09-05-50To10-09-24_Segment_13_x264_frame_114.jpg,eed888310f7e45525a9037a49583c1fe18c66bcf817caf568bed6c169279d1d5
96,cctv-gun/usrt,Cam7-From09-05-50To10-09-24_Segment_13_x264_frame_132.jpg,0096_cctv-gun-usrt_Cam7-From09-05-50To10-09-24_Segment_13_x264_frame_132.jpg,58d0e98c1c20869bae88dc6ff9fcd4ba1d0447797d7d5ac7b3f906b3d2c995c3
97,cctv-gun/usrt,Cam7-From09-05-50To10-09-24_Segment_13_x264_frame_150.jpg,0097_cctv-gun-usrt_Cam7-From09-05-50To10-09-24_Segment_13_x264_frame_150.jpg,4315f5892c3e842149f04be0c96338248bfc3342f515838d4e3e6c84f0803bb3
98,cctv-gun/usrt,Cam7-From09-05-50To10-09-24_Segment_13_x264_frame_170.jpg,0098_cctv-gun-usrt_Cam7-From09-05-50To10-09-24_Segment_13_x264_frame_170.jpg,6e198adabc2e36059b1cc843b5966a843ed89d1f10cc9efa20fd724fbabb14b4
99,cctv-gun/usrt,Cam7-From09-05-50To10-09-24_Segment_13_x264_frame_189.jpg,0099_cctv-gun-usrt_Cam7-From09-05-50To10-09-24_Segment_13_x264_frame_189.jpg,6640382454fa8c18e7e00912ea304a1a198bf3a58bb8b96a7963f9f4c83c9dc1
100,cctv-gun/usrt,Cam7-From09-05-50To10-09-24_Segment_13_x264_frame_226.jpg,0100_cctv-gun-usrt_Cam7-From09-05-50To10-09-24_Segment_13_x264_frame_226.jpg,2445846a0b31d5855d53e6d7044438b7163990cc445be03a6959b3177a134eeb
101,cctv-gun/usrt,Cam7-From09-05-50To10-09-24_Segment_13_x264_frame_244.jpg,0101_cctv-gun-usrt_Cam7-From09-05-50To10-09-24_Segment_13_x264_frame_244.jpg,45458e2fb6b77c7e0157d957da668d1d986eab445b200c0f4f4fe075a6ad56e6
102,cctv-gun/usrt,Cam7-From09-05-50To10-09-24_Segment_13_x264_frame_262.jpg,0102_cctv-gun-usrt_Cam7-From09-05-50To10-09-24_Segment_13_x264_frame_262.jpg,19e113196a633a8312bd5206e23509d31504839a7dc9e4cf08df4fd76427a9da
103,cctv-gun/usrt,Cam7-From09-05-50To10-09-24_Segment_13_x264_frame_281.jpg,0103_cctv-gun-usrt_Cam7-From09-05-50To10-09-24_Segment_13_x264_frame_281.jpg,730f1a84b5af765782f6038f84d4e653778004cebdce1a5be306f5bf8b0c6f61
104,cctv-gun/usrt,Cam7-From09-05-50To10-09-24_Segment_13_x264_frame_299.jpg,0104_cctv-gun-usrt_Cam7-From09-05-50To10-09-24_Segment_13_x264_frame_299.jpg,e99f5d624487eca88d3bfe4276d3cc91c668f118a92a06d9f46b5fb3afe18482
105,cctv-gun/usrt,Cam7-From09-05-50To10-09-24_Segment_13_x264_frame_318.jpg,0105_cctv-gun-usrt_Cam7-From09-05-50To10-09-24_Segment_13_x264_frame_318.jpg,a4c990f337b6dbeb917823a1fbe0393e7de16ffc1304092f97f8c0de065cbfb5
106,cctv-gun/usrt,Cam7-From09-05-50To10-09-24_Segment_13_x264_frame_337.jpg,0106_cctv-gun-usrt_Cam7-From09-05-50To10-09-24_Segment_13_x264_frame_337.jpg,7183e9e03ee7dfaf8837d085ef6fcb4de73bd7a40f6ef947a7fb5c626b6b1ed6
107,cctv-gun/usrt,Cam7-From09-05-50To10-09-24_Segment_13_x264_frame_375.jpg,0107_cctv-gun-usrt_Cam7-From09-05-50To10-09-24_Segment_13_x264_frame_375.jpg,b27a08178f82bc6fc81b88e00136423fb40e2af145ea94cbfc5b0c09dd19b318
108,cctv-gun/usrt,Cam7-From09-05-50To10-09-24_Segment_13_x264_frame_393.jpg,0108_cctv-gun-usrt_Cam7-From09-05-50To10-09-24_Segment_13_x264_frame_393.jpg,239a3e017bbc7c88cb08b38789bd7f8cae0a8a2e47d88784450cb847e18d06c7
109,cctv-gun/usrt,Cam7-From09-05-50To10-09-24_Segment_13_x264_frame_412.jpg,0109_cctv-gun-usrt_Cam7-From09-05-50To10-09-24_Segment_13_x264_frame_412.jpg,cfee287fb6eb1188bf1ee9e29f9098ce6c66a0a89250dcbe77dfe1c67e3fc57a
110,cctv-gun/usrt,Cam7-From09-05-50To10-09-24_Segment_13_x264_frame_430.jpg,0110_cctv-gun-usrt_Cam7-From09-05-50To10-09-24_Segment_13_x264_frame_430.jpg,5b631ac36e5d82e7c4145220011ec629d2580153bbc9dfa2dcabe7f192f2b53a
111,cctv-gun/usrt,Cam7-From09-05-50To10-09-24_Segment_13_x264_frame_448.jpg,0111_cctv-gun-usrt_Cam7-From09-05-50To10-09-24_Segment_13_x264_frame_448.jpg,bbac42908f8a92483d070794f3a53058cb5c75062bd28aacd00c94f11c2f65b1
112,cctv-gun/usrt,Cam7-From09-05-50To10-09-24_Segment_6_x264_frame_3.jpg,0112_cctv-gun-usrt_Cam7-From09-05-50To10-09-24_Segment_6_x264_frame_3.jpg,4b9b5f2ca714c0705a1a0f9f7e9b4e862907c574a4f2419c719a20652fe44b40
113,cctv-gun/usrt,Cam7-From09-05-50To10-09-24_Segment_8_x264_frame_1.jpg,0113_cctv-gun-usrt_Cam7-From09-05-50To10-09-24_Segment_8_x264_frame_1.jpg,3e642108e75cd2856cf4f39c1665d1df2e6394a805ba3d659d6ee31665386db5
114,cctv-gun/usrt,Cam7-From09-05-50To10-09-24_Segment_8_x264_frame_19.jpg,0114_cctv-gun-usrt_Cam7-From09-05-50To10-09-24_Segment_8_x264_frame_19.jpg,049cb391a4c35b49d93f411b7684c812b28bcec03b65d297f86077bdd6014860
115,cctv-gun/usrt,Cam7-From09-05-50To10-09-24_Segment_8_x264_frame_36.jpg,0115_cctv-gun-usrt_Cam7-From09-05-50To10-09-24_Segment_8_x264_frame_36.jpg,fa0d426d29be9737aea2ea7c122f82bfcc6cb29ce5c95b1c861e011958ac99e9
116,cctv-gun/usrt,Cam7-From09-05-50To10-09-24_Segment_8_x264_frame_55.jpg,0116_cctv-gun-usrt_Cam7-From09-05-50To10-09-24_Segment_8_x264_frame_55.jpg,519ecf527f9aaccd9c4e3d2151e128ba0ffc47da3d637c121a90f2475fd0879c
117,cctv-gun/usrt,Cam7-From09-05-50To10-09-24_Segment_8_x264_frame_75.jpg,0117_cctv-gun-usrt_Cam7-From09-05-50To10-09-24_Segment_8_x264_frame_75.jpg,bd6531765723cd38ee283b8d3e8c7d6c32bed6fb884127a1a879dbf511716b16
118,cctv-gun/usrt,Cam7-From09-05-50To10-09-24_Segment_8_x264_frame_93.jpg,0118_cctv-gun-usrt_Cam7-From09-05-50To10-09-24_Segment_8_x264_frame_93.jpg,325452493b7d4dc7fc430bb419ea1e7b50ccac4bc6a304b84794cd3962b0f3e9
119,cctv-gun/usrt,Cam7-From09-05-50To10-09-24_Segment_8_x264_frame_166.jpg,0119_cctv-gun-usrt_Cam7-From09-05-50To10-09-24_Segment_8_x264_frame_166.jpg,3b16909afcf6d1b7c62e6d75f838cde017c4bdbc9b2b479afafed0ec3363efc2
120,cctv-gun/usrt,Cam7-From09-05-50To10-09-24_Segment_8_x264_frame_188.jpg,0120_cctv-gun-usrt_Cam7-From09-05-50To10-09-24_Segment_8_x264_frame_188.jpg,21aed2dee4ae092538de153cddd7efc4979211e40c37dc8ad9fe02c548cd0d93
121,cctv-gun/usrt,Cam7-From09-05-50To10-09-24_Segment_8_x264_frame_212.jpg,0121_cctv-gun-usrt_Cam7-From09-05-50To10-09-24_Segment_8_x264_frame_212.jpg,78ebc8a34a9d1da89ee4e64507a8f64e510295fa62176c808d0c744179d1998c
122,cctv-gun/usrt,Cam7-From09-05-50To10-09-24_Segment_8_x264_frame_248.jpg,0122_cctv-gun-usrt_Cam7-From09-05-50To10-09-24_Segment_8_x264_frame_248.jpg,bab491a114afa714b03614a3d8bf6a8d2ae5c5bfa3f51fc22faad19e38d03c32
123,cctv-gun/usrt,Cam7-From09-05-50To10-09-24_Segment_8_x264_frame_363.jpg,0123_cctv-gun-usrt_Cam7-From09-05-50To10-09-24_Segment_8_x264_frame_363.jpg,11399044dab97d2f73f4f09205d393361ac25a3b6aa802297085bb429520a9a0
124,cctv-gun/usrt,Cam7-From09-05-50To10-09-24_Segment_8_x264_frame_381.jpg,0124_cctv-gun-usrt_Cam7-From09-05-50To10-09-24_Segment_8_x264_frame_381.jpg,0bd2cfed865060dd623c62cd2f0d0edd4e9ca338eb257dce2f0d8535c033d613
125,cctv-gun/usrt,Cam7-From09-05-50To10-09-24_Segment_8_x264_frame_403.jpg,0125_cctv-gun-usrt_Cam7-From09-05-50To10-09-24_Segment_8_x264_frame_403.jpg,6881e77797ef1146d7d5f3eac655c58852d26df9bb59bde1b1f61b71a904d490
126,cctv-gun/usrt,Cam7-From09-05-50To10-09-24_Segment_8_x264_frame_439.jpg,0126_cctv-gun-usrt_Cam7-From09-05-50To10-09-24_Segment_8_x264_frame_439.jpg,574ce881bcd620b7e1e0eb851d62dec573c97082ebc0ea3a57222db0c82f8d4d
127,cctv-gun/usrt,Cam7-From09-05-50To10-09-24_Segment_8_x264_frame_459.jpg,0127_cctv-gun-usrt_Cam7-From09-05-50To10-09-24_Segment_8_x264_frame_459.jpg,da3dfecaa65c8c7a0008dac72dcc800e64e7c98fb92a299b2c2b065204c6b4a2
128,cctv-gun/usrt,Cam7-From09-05-50To10-09-24_Segment_8_x264_frame_485.jpg,0128_cctv-gun-usrt_Cam7-From09-05-50To10-09-24_Segment_8_x264_frame_485.jpg,513611036f5cd1154dcbf6714c0ce1cfedda276c3383fbd3e8c3b88b87716373
129,cctv-gun/usrt,Cam7-From09-05-50To10-09-24_Segment_8_x264_frame_505.jpg,0129_cctv-gun-usrt_Cam7-From09-05-50To10-09-24_Segment_8_x264_frame_505.jpg,1685cda57d5b84321a2d87a2715c7f3a201252b05478c706a408dd46530fb44f
130,cctv-gun/usrt,Cam7-From09-05-50To10-09-24_Segment_8_x264_frame_831.jpg,0130_cctv-gun-usrt_Cam7-From09-05-50To10-09-24_Segment_8_x264_frame_831.jpg,7300192b19a927ce58ecdf2ad57c00bb205a2c25b186b49ec2b1b2ebbeee3adb
131,cctv-gun/usrt,Cam7-From09-05-50To10-09-24_Segment_8_x264_frame_849.jpg,0131_cctv-gun-usrt_Cam7-From09-05-50To10-09-24_Segment_8_x264_frame_849.jpg,a805d6fe0b99b3904b183ab31a2e20c413781a4cb942730cfb9b7e2b9ec80a84
132,cctv-gun/usrt,Cam7-From09-05-50To10-09-24_Segment_8_x264_frame_885.jpg,0132_cctv-gun-usrt_Cam7-From09-05-50To10-09-24_Segment_8_x264_frame_885.jpg,d7f2e52cde5926a523b728c81715d6ccb4175b4f78647e9cc00ab1468addf129
133,cctv-gun/usrt,Cam7-From09-05-50To10-09-24_Segment_8_x264_frame_906.jpg,0133_cctv-gun-usrt_Cam7-From09-05-50To10-09-24_Segment_8_x264_frame_906.jpg,17282921f798e933ac0e9b262963ca3119dc74f9ff44245cf5c6ecb751869aaf
134,cctv-gun/usrt,Cam7-From09-05-50To10-09-24_Segment_8_x264_frame_924.jpg,0134_cctv-gun-usrt_Cam7-From09-05-50To10-09-24_Segment_8_x264_frame_924.jpg,9abc90e045bf3a5d3135f2ce999303b91cae7a83434409eb7aca44ccf3f76015
135,cctv-gun/usrt,Cam7-From09-05-50To10-09-24_Segment_8_x264_frame_941.jpg,0135_cctv-gun-usrt_Cam7-From09-05-50To10-09-24_Segment_8_x264_frame_941.jpg,a7bf88a01497fc46afb5c78193b7a5e2aa851efbac1934468f4916ef1379b62c
136,cctv-gun/usrt,Cam7-From09-05-50To10-09-24_Segment_8_x264_frame_959.jpg,0136_cctv-gun-usrt_Cam7-From09-05-50To10-09-24_Segment_8_x264_frame_959.jpg,a3a1949ee198564306b629e9523aebb23b5ff36786e1ff9da4d8774ba372e691
137,cctv-gun/usrt,Cam7-From09-05-50To10-09-24_Segment_8_x264_frame_976.jpg,0137_cctv-gun-usrt_Cam7-From09-05-50To10-09-24_Segment_8_x264_frame_976.jpg,70ba694dff209bf36924feff90c8b2bf9363e45e58ce08af387178c4f37db05c
138,cctv-gun/usrt,Cam7-From09-05-50To10-09-24_Segment_8_x264_frame_994.jpg,0138_cctv-gun-usrt_Cam7-From09-05-50To10-09-24_Segment_8_x264_frame_994.jpg,738c30054c7f74fcff83ee23f9110126667bfe4583ea87eec716a3fd567d331c
139,cctv-gun/usrt,Cam7-From09-05-50To10-09-24_Segment_8_x264_frame_1011.jpg,0139_cctv-gun-usrt_Cam7-From09-05-50To10-09-24_Segment_8_x264_frame_1011.jpg,c3f1ff8e355a4cbca70150eaf025b0611e0678500bdee3e80c4ee237a5edee63
140,cctv-gun/usrt,Cam7-From09-05-50To10-09-24_Segment_8_x264_frame_1030.jpg,0140_cctv-gun-usrt_Cam7-From09-05-50To10-09-24_Segment_8_x264_frame_1030.jpg,1eeb575f0ee0c8ea18d5dff62ac3c4f487fd7cbe5846fcfa81a7296827a84986
141,cctv-gun/usrt,Cam7-From09-05-50To10-09-24_Segment_8_x264_frame_1047.jpg,0141_cctv-gun-usrt_Cam7-From09-05-50To10-09-24_Segment_8_x264_frame_1047.jpg,ed6de7922be368f13eaa856e03afef4454d78f10f3d8a42e1f254f7217d9b850
142,cctv-gun/usrt,Cam7-From09-05-50To10-09-24_Segment_8_x264_frame_1065.jpg,0142_cctv-gun-usrt_Cam7-From09-05-50To10-09-24_Segment_8_x264_frame_1065.jpg,08835dc6f9bc04b2599f6e7ad4cb9bd3492edcc6a7257c237902602b7871148a
143,cctv-gun/usrt,Cam7-From09-05-50To10-09-24_Segment_8_x264_frame_1082.jpg,0143_cctv-gun-usrt_Cam7-From09-05-50To10-09-24_Segment_8_x264_frame_1082.jpg,b4b097058ff443b2b3301e571e11bb297e343c7eddc10fe8375545803cd92986
144,cctv-gun/usrt,Cam7-From09-05-50To10-09-24_Segment_8_x264_frame_1100.jpg,0144_cctv-gun-usrt_Cam7-From09-05-50To10-09-24_Segment_8_x264_frame_1100.jpg,d79229cdf0940a35191b85d681e6ffb2ae56a2007d9a2bd55340a2f3e8d37a38
145,cctv-gun/usrt,Cam7-From09-05-50To10-09-24_Segment_8_x264_frame_1121.jpg,0145_cctv-gun-usrt_Cam7-From09-05-50To10-09-24_Segment_8_x264_frame_1121.jpg,228cff9ff14bd95d9a660300c82eaa7d599ebbf3ab2e1ba9d37dbf04258d7121
146,cctv-gun/usrt,Cam7-From09-05-50To10-09-24_Segment_8_x264_frame_1152.jpg,0146_cctv-gun-usrt_Cam7-From09-05-50To10-09-24_Segment_8_x264_frame_1152.jpg,d8754daee554fb6f8562b26c69270a24de8d3576ba7edacc875e1121e58fdfa3
147,cctv-gun/usrt,Cam7-From09-05-50To10-09-24_Segment_8_x264_frame_1278.jpg,0147_cctv-gun-usrt_Cam7-From09-05-50To10-09-24_Segment_8_x264_frame_1278.jpg,1013ffa6dad3e56767a0a3ba9d1aa661e368fcf6ac1302eedb56847943e22915
148,cctv-gun/usrt,Cam7-From09-05-50To10-09-24_Segment_8_x264_frame_1604.jpg,0148_cctv-gun-usrt_Cam7-From09-05-50To10-09-24_Segment_8_x264_frame_1604.jpg,0de0098571a1421a554f69480c1c61d64ab9ea167dbd1be71b43d6fcae16a46b
149,cctv-gun/usrt,Cam7-From09-05-50To10-09-24_Segment_8_x264_frame_1625.jpg,0149_cctv-gun-usrt_Cam7-From09-05-50To10-09-24_Segment_8_x264_frame_1625.jpg,ade08cb7bf2b11b749647e64f9217e112febfc2ef56effc18b9b095cd7cca9cc
150,cctv-gun/usrt,Cam7-From09-05-50To10-09-24_Segment_8_x264_frame_1646.jpg,0150_cctv-gun-usrt_Cam7-From09-05-50To10-09-24_Segment_8_x264_frame_1646.jpg,b040f55a72fd9db0a607388c7225ddc96e93a5a13627909f6621ffa555c7c4c7
151,cctv-gun/usrt,Cam7-From09-05-50To10-09-24_Segment_8_x264_frame_1669.jpg,0151_cctv-gun-usrt_Cam7-From09-05-50To10-09-24_Segment_8_x264_frame_1669.jpg,0f5f9a48984a87d4ee34cd6fa138b10ed0320d583f0c23fb4aee600031e4860b
152,cctv-gun/usrt,Cam7-From09-05-50To10-09-24_Segment_8_x264_frame_1688.jpg,0152_cctv-gun-usrt_Cam7-From09-05-50To10-09-24_Segment_8_x264_frame_1688.jpg,7d581092ba62a8c0e91e17a56b82b23673fd693f18205f8acf54bbb32b9ecddb
153,cctv-gun/usrt,Cam7-From09-05-50To10-09-24_Segment_8_x264_frame_1706.jpg,0153_cctv-gun-usrt_Cam7-From09-05-50To10-09-24_Segment_8_x264_frame_1706.jpg,0a2776c0ffac7f6a3d6d509f4cc7315c56986cc2374b8eb4cb0c9ef6bc722b21
154,cctv-gun/usrt,Cam7-From09-05-50To10-09-24_Segment_8_x264_frame_1723.jpg,0154_cctv-gun-usrt_Cam7-From09-05-50To10-09-24_Segment_8_x264_frame_1723.jpg,79100204cdbe831f01a36a8d364a63f1da5a953eb71b8ab73b83bb7b13afa4e5
155,cctv-gun/usrt,Cam7-From09-05-50To10-09-24_Segment_8_x264_frame_1744.jpg,0155_cctv-gun-usrt_Cam7-From09-05-50To10-09-24_Segment_8_x264_frame_1744.jpg,12e67b1d3d3961075720bd17f6282673d7851acfb736fc1228de4e9dfe5a9988
156,cctv-gun/usrt,Cam7-From09-05-50To10-09-24_Segment_8_x264_frame_1762.jpg,0156_cctv-gun-usrt_Cam7-From09-05-50To10-09-24_Segment_8_x264_frame_1762.jpg,1a64294e959de5a0bf1a2c459517c1bba206e963900e81ef7146de119139591c
157,cctv-gun/usrt,Cam7-From09-05-50To10-09-24_Segment_8_x264_frame_1786.jpg,0157_cctv-gun-usrt_Cam7-From09-05-50To10-09-24_Segment_8_x264_frame_1786.jpg,c7f7c0f7b59f631d199b86b19c1e86bb1167d2d66e9f93ce12cee6bd84e64e3e
158,cctv-gun/usrt,Cam7-From09-05-50To10-09-24_Segment_8_x264_frame_1805.jpg,0158_cctv-gun-usrt_Cam7-From09-05-50To10-09-24_Segment_8_x264_frame_1805.jpg,ecec145f351fd3d07530df0cea5033b3212ffd3fcf5ef6fa25cffc3fc951ae42
159,cctv-gun/usrt,Cam7-From09-05-50To10-09-24_Segment_8_x264_frame_2649.jpg,0159_cctv-gun-usrt_Cam7-From09-05-50To10-09-24_Segment_8_x264_frame_2649.jpg,67423080e0b33f6993510f039d85db02d092eb25318330e41d020b91d8dd644d
160,cctv-gun/usrt,Cam7-From09-05-50To10-09-24_Segment_8_x264_frame_2675.jpg,0160_cctv-gun-usrt_Cam7-From09-05-50To10-09-24_Segment_8_x264_frame_2675.jpg,b2f36a9e7ef340c4593a29abbf9ac385849df4aec9d80831696850ceee1ec3fb
161,cctv-gun/usrt,Cam7-From09-05-50To10-09-24_Segment_8_x264_frame_2702.jpg,0161_cctv-gun-usrt_Cam7-From09-05-50To10-09-24_Segment_8_x264_frame_2702.jpg,9fedaa6f7d98e7e506fdc36c2957c696149c3d3bc3f7833be2e67d1a00476245
162,cctv-gun/usrt,Cam7-From09-05-50To10-09-24_Segment_8_x264_frame_2732.jpg,0162_cctv-gun-usrt_Cam7-From09-05-50To10-09-24_Segment_8_x264_frame_2732.jpg,967b3a26b0384116376562f568f98fa87db783ce414c30afc8a254f77643e64b
163,cctv-gun/usrt,Cam7-From09-05-50To10-09-24_Segment_8_x264_frame_2776.jpg,0163_cctv-gun-usrt_Cam7-From09-05-50To10-09-24_Segment_8_x264_frame_2776.jpg,ca5b15ea767e7d028e34b527e12f117e47348b9b065d68cf93af5d1ef00a9593
164,cctv-gun/usrt,Cam7-From09-05-50To10-09-24_Segment_8_x264_frame_2795.jpg,0164_cctv-gun-usrt_Cam7-From09-05-50To10-09-24_Segment_8_x264_frame_2795.jpg,5690bdfeed1d108c13512d935a0262ba762405b93b0fa84a780fd06ec46a5a0b
165,cctv-gun/usrt,Cam7-From09-05-50To10-09-24_Segment_8_x264_frame_2812.jpg,0165_cctv-gun-usrt_Cam7-From09-05-50To10-09-24_Segment_8_x264_frame_2812.jpg,05017ae14272a931a1f20309e6f600b9792183289cff5e2c14fd6647f524b62e
166,cctv-gun/usrt,Cam7-From09-05-50To10-09-24_Segment_8_x264_frame_2830.jpg,0166_cctv-gun-usrt_Cam7-From09-05-50To10-09-24_Segment_8_x264_frame_2830.jpg,af7ea40db2714614384af3524697010a599fad5e00f3a1317afba462d4020c46
167,cctv-gun/usrt,Cam7-From09-05-50To10-09-24_Segment_8_x264_frame_2848.jpg,0167_cctv-gun-usrt_Cam7-From09-05-50To10-09-24_Segment_8_x264_frame_2848.jpg,fc80605201dea4d01533d99c2a18a5c112992d5975bb401ba41a50f2dc8faec3
168,cctv-gun/usrt,Cam7-From09-05-50To10-09-24_Segment_8_x264_frame_2924.jpg,0168_cctv-gun-usrt_Cam7-From09-05-50To10-09-24_Segment_8_x264_frame_2924.jpg,9714d47ac36f9996002a76787221830a96ff493a10bc8b09280780dcddcd0251
169,cctv-gun/usrt,Cam7-From09-05-50To10-09-24_Segment_8_x264_frame_2942.jpg,0169_cctv-gun-usrt_Cam7-From09-05-50To10-09-24_Segment_8_x264_frame_2942.jpg,a6645101da906a686e2a99c261924e471a1d0c715c4be38a805f55b2ce8ef36d
170,cctv-gun/usrt,Cam7-From09-05-50To10-09-24_Segment_8_x264_frame_2959.jpg,0170_cctv-gun-usrt_Cam7-From09-05-50To10-09-24_Segment_8_x264_frame_2959.jpg,2f5a57f842ae07248e2e202115143996d8588e6259269f8b59f3d2c50e533356
171,cctv-gun/usrt,Cam7-From09-05-50To10-09-24_Segment_8_x264_frame_3026.jpg,0171_cctv-gun-usrt_Cam7-From09-05-50To10-09-24_Segment_8_x264_frame_3026.jpg,089d46764f2df4e5da4a82c998e196d368631a78dfea95d050bb41a02a71169d
172,cctv-gun/usrt,Cam7-From09-05-50To10-09-24_Segment_8_x264_frame_3046.jpg,0172_cctv-gun-usrt_Cam7-From09-05-50To10-09-24_Segment_8_x264_frame_3046.jpg,fdfb66d22532ad37af9552620ac2ff00d361b526e87dcb9ae03c60057f78b5d2
173,cctv-gun/usrt,Cam7-From09-05-50To10-09-24_Segment_8_x264_frame_3066.jpg,0173_cctv-gun-usrt_Cam7-From09-05-50To10-09-24_Segment_8_x264_frame_3066.jpg,22c30a50cf5e447517fa93ab538dcd98a5490b75c6c32e8d1548f870597324a1
174,cctv-gun/usrt,Cam7-From09-05-50To10-09-24_Segment_8_x264_frame_3083.jpg,0174_cctv-gun-usrt_Cam7-From09-05-50To10-09-24_Segment_8_x264_frame_3083.jpg,39df3ca7ce43faf5f01fc93b7f0dd7dc747ec4627e71999762970ead9e598007
175,cctv-gun/usrt,Cam7-From09-05-50To10-09-24_Segment_8_x264_frame_3106.jpg,0175_cctv-gun-usrt_Cam7-From09-05-50To10-09-24_Segment_8_x264_frame_3106.jpg,fbaedc1076e8a2ce828839ade38a53a140436dc7ab1fcd2b154b04a173e82b68
176,cctv-gun/usrt,Cam7-From09-05-50To10-09-24_Segment_8_x264_frame_3125.jpg,0176_cctv-gun-usrt_Cam7-From09-05-50To10-09-24_Segment_8_x264_frame_3125.jpg,ca93d97b6d5dbeb256d70893c41985cbd8b1e15a57f41a51c09a9e1c0cb2468d
177,cctv-gun/usrt,Cam7-From09-05-50To10-09-24_Segment_8_x264_frame_3147.jpg,0177_cctv-gun-usrt_Cam7-From09-05-50To10-09-24_Segment_8_x264_frame_3147.jpg,3361604d9d73d7eb99e8bb9d43270c780e6a80253330803b66e223a02d17fe7d
178,cctv-gun/usrt,Cam7-From09-05-50To10-09-24_Segment_8_x264_frame_3165.jpg,0178_cctv-gun-usrt_Cam7-From09-05-50To10-09-24_Segment_8_x264_frame_3165.jpg,a8bef70c05ff7f01e665a12b545ca5a63f8ae5b02b1ca45d7de304ec3e2c88ce
179,cctv-gun/usrt,Cam7-From09-05-50To10-09-24_Segment_8_x264_frame_3184.jpg,0179_cctv-gun-usrt_Cam7-From09-05-50To10-09-24_Segment_8_x264_frame_3184.jpg,3997b0bc30148866b613074252c0dc2eccbbccf1832938c5d8e34c3cae5ba1fd
180,cctv-gun/usrt,Cam7-From09-05-50To10-09-24_Segment_8_x264_frame_3203.jpg,0180_cctv-gun-usrt_Cam7-From09-05-50To10-09-24_Segment_8_x264_frame_3203.jpg,caa9a45ea91de03452a226e3a54af89d29ee4eea1b297beb3c9635afdc50d98e
181,cctv-gun/usrt,Cam7-From09-05-50To10-09-24_Segment_8_x264_frame_3506.jpg,0181_cctv-gun-usrt_Cam7-From09-05-50To10-09-24_Segment_8_x264_frame_3506.jpg,af6034ce5f41e9c2f2a8ca929931528a2e6d73b76fa01c46da3fea15a67271cc
182,cctv-gun/usrt,Cam7-From09-05-50To10-09-24_Segment_8_x264_frame_3524.jpg,0182_cctv-gun-usrt_Cam7-From09-05-50To10-09-24_Segment_8_x264_frame_3524.jpg,e83520440d56f49e52ab5b000f8dffa31766398fe58fc781a1bd5504b4484f55
183,cctv-gun/usrt,Cam7-From09-05-50To10-09-24_Segment_8_x264_frame_3570.jpg,0183_cctv-gun-usrt_Cam7-From09-05-50To10-09-24_Segment_8_x264_frame_3570.jpg,37bc14305adc1e8f49a620219b61f9dca0b825b055743ca040b70f6e14557e69
184,cctv-gun/usrt,Cam7-From09-05-50To10-09-24_Segment_8_x264_frame_3631.jpg,0184_cctv-gun-usrt_Cam7-From09-05-50To10-09-24_Segment_8_x264_frame_3631.jpg,77f3df9b8d109be3edc16e8ea5edc49284fabf7f0856fc6d55ec239d93b5bdbc
185,cctv-gun/usrt,Cam7-From09-05-50To10-09-24_Segment_8_x264_frame_3698.jpg,0185_cctv-gun-usrt_Cam7-From09-05-50To10-09-24_Segment_8_x264_frame_3698.jpg,89f7f7e5d211feea19bf86fd9b06f78b0cb05c0af6996c70d12b2f3e14f6d873
186,cctv-gun/usrt,Cam7-From09-05-50To10-09-24_Segment_8_x264_frame_3719.jpg,0186_cctv-gun-usrt_Cam7-From09-05-50To10-09-24_Segment_8_x264_frame_3719.jpg,87b82dfebefa09737b7e11848f4583c7f76cc5337cad9fc3123fec7e727c94a4
187,cctv-gun/usrt,Cam7-From09-05-50To10-09-24_Segment_9_x264_frame_1.jpg,0187_cctv-gun-usrt_Cam7-From09-05-50To10-09-24_Segment_9_x264_frame_1.jpg,91caae2aebedbb8aa304ded218d07664ef9d440018b4674f4db83d761e9ba405
188,cctv-gun/usrt,Cam7-From09-05-50To10-09-24_Segment_9_x264_frame_27.jpg,0188_cctv-gun-usrt_Cam7-From09-05-50To10-09-24_Segment_9_x264_frame_27.jpg,62ff61d838110c9bbb99b108d15e9e7127e7cc9bb1f2c811553686850a6f60ce
189,cctv-gun/usrt,Cam7-From09-05-50To10-09-24_Segment_9_x264_frame_56.jpg,0189_cctv-gun-usrt_Cam7-From09-05-50To10-09-24_Segment_9_x264_frame_56.jpg,8ad534adf83233d20e1d6c508028bff1202d8c9be8f3a986fb1a3c7519cc1dc0
190,cctv-gun/ucf,0000.jpg,0190_cctv-gun-ucf_0000.jpg,0248d71c19e12f4eb2877ea780a7aae6136350c449c2278b254da736cbd552aa
191,cctv-gun/ucf,0023.jpg,0191_cctv-gun-ucf_0023.jpg,8a16e2a15b4c2b4e19b117a83b1880eef017b029c7d4f66adc1371c4bc50b32e
192,cctv-gun/ucf,0047.jpg,0192_cctv-gun-ucf_0047.jpg,0e1bbd7d4d3593c466723544cdc5fc236f542763d7e125fdb29f95bfa7004eec
193,cctv-gun/ucf,0070.jpg,0193_cctv-gun-ucf_0070.jpg,97cb8a4fb121734bf31e0495820e77049eae178b566f69099885704335c3b83b
194,cctv-gun/ucf,0094.jpg,0194_cctv-gun-ucf_0094.jpg,b49220bbcbba7737dc0dee2e447e7293f8c065fa04383f59265259d9b18bf538
195,cctv-gun/ucf,0117.jpg,0195_cctv-gun-ucf_0117.jpg,d42b14fd8569f3f507d95310ce99e31d0635dfce1e61b64bf00c05d1488c9b11
196,cctv-gun/ucf,0141.jpg,0196_cctv-gun-ucf_0141.jpg,9ebfba7009676596eabb7ab49c8c02f629d94d7711aaeffb4e3580874be87196
197,cctv-gun/ucf,0164.jpg,0197_cctv-gun-ucf_0164.jpg,34835e51835439a5b8fa65dd6338e25f1d42d113faad1f01b6ba5ee5d29210cc
198,cctv-gun/ucf,0188.jpg,0198_cctv-gun-ucf_0188.jpg,8144e217a53f431b0408f29c30108dc0c232ff36a6e5c57f7234634b951dd3a9
199,cctv-gun/ucf,0211.jpg,0199_cctv-gun-ucf_0211.jpg,e28e2d0c87b4f8a519321b3b05ab4ccbd43276745c70a91e2bf5ede187744e55
200,cctv-gun/ucf,0234.jpg,0200_cctv-gun-ucf_0234.jpg,8340a0f3a9145c715f397c5fbd0256dbf45732ddbfea696c1dae2710e6f31ac4
201,cctv-gun/ucf,0258.jpg,0201_cctv-gun-ucf_0258.jpg,b9d0d1556b86e4859e4a24617b023a64fc3fc8fa10149283f56fb5f1c530f43b
202,cctv-gun/ucf,0281.jpg,0202_cctv-gun-ucf_0281.jpg,88f92b559020883b96d0263d6a6cbb2d06eaaebec352194d28d610604d403440
203,cctv-gun/ucf,0305.jpg,0203_cctv-gun-ucf_0305.jpg,0529886d3768f7a8be68272a19b341ec9dbec1ef6cbe76b83fd2457c0922bf80
204,cctv-gun/ucf,0328.jpg,0204_cctv-gun-ucf_0328.jpg,a74aa7f3b5c0782856fe3a74c3564a5aa4bf839dfca6d8f2b1660532bed3620c
205,cctv-gun/ucf,0352.jpg,0205_cctv-gun-ucf_0352.jpg,fd191d68edb416a3f9968c8ab8f02456ca78cf9904e76e8298e8c3b81362f8bc
206,cctv-gun/ucf,0375.jpg,0206_cctv-gun-ucf_0375.jpg,450fafe46907cfa9f6b360f267c7a0a23758f3a144acbbf595f646bd3e98622d
207,cctv-gun/ucf,0399.jpg,0207_cctv-gun-ucf_0399.jpg,41f0be06a5b8956107c235e6a19fdd91b0baf7bfba45d4c1f24d94e732f10063
208,cctv-gun/ucf,0422.jpg,0208_cctv-gun-ucf_0422.jpg,cbc42a9be8cfde857b048233f64aea1b5586403c6035be62c8e196fe30588b15
209,cctv-gun/ucf,0446.jpg,0209_cctv-gun-ucf_0446.jpg,95a22b8a72ca72dc5e07fc728b3b38e4780a1970d66c9c56822fa13643d7f111
210,cctv-gun/ucf,0469.jpg,0210_cctv-gun-ucf_0469.jpg,bc613f3a0b6fcffed8480e4c5ee2fb4c68c9da89442f4f1148d0422891ce6991
211,cctv-gun/ucf,0492.jpg,0211_cctv-gun-ucf_0492.jpg,ace6ff51ad5de5215e4cb390664e3a5c379ab05fe58f0e3a8c36407d8466dff2
212,cctv-gun/ucf,0516.jpg,0212_cctv-gun-ucf_0516.jpg,f17a9d6cc7fc9895454804bd7a8f09814dd70539aee243d26ba9e0b106a2d2c2
213,cctv-gun/ucf,0539.jpg,0213_cctv-gun-ucf_0539.jpg,6b5a3d12dae9358fca165c2127ea36fb14ede1873f71fb01f96057bad8e2a4c7
214,cctv-gun/ucf,0563.jpg,0214_cctv-gun-ucf_0563.jpg,11dcc3daea326303291056b12669a207acf667ffb9646a714d90888c8c37b30a
215,cctv-gun/ucf,0586.jpg,0215_cctv-gun-ucf_0586.jpg,e40b91ede6ff974ff3bf8a940e2d6c309b0e80e471c174a90aeb2c0f7c37b601
216,cctv-gun/ucf,0610.jpg,0216_cctv-gun-ucf_0610.jpg,049e83e50647b9559d34f4e78a7de3cf82a851549bb546a063875bfd86a29d3a
217,cctv-gun/ucf,0633.jpg,0217_cctv-gun-ucf_0633.jpg,25d0587b6162b60f5d198c834b58a03ff5d1acc44144f2eaed4f4c4c6b0474b3
218,cctv-gun/ucf,0657.jpg,0218_cctv-gun-ucf_0657.jpg,b1b50426f274e7da80d8fd0b2ba959fa41440f6ede12cb6ac8a962a12c9ac969
219,cctv-gun/ucf,0680.jpg,0219_cctv-gun-ucf_0680.jpg,fdec1ebb4860b3d248d6ef6b27887153ef6e8d1c4daf93e1e7ed275f215337e5
220,cctv-gun/ucf,0703.jpg,0220_cctv-gun-ucf_0703.jpg,cd381a9691303044de1e26f244f48fc84d02bb36085d5e5dd2112d0b12467027
221,cctv-gun/ucf,0727.jpg,0221_cctv-gun-ucf_0727.jpg,eb34a5d6e3a20bc2b62f4b7fc2c37e6b5954ed5098163ad3efabb90b6180970e
222,cctv-gun/ucf,0750.jpg,0222_cctv-gun-ucf_0750.jpg,12afcec9787d74e74f4a1cae4abc9c829f2ee87f84df2e3ce4dcea087306bb95
223,cctv-gun/ucf,0774.jpg,0223_cctv-gun-ucf_0774.jpg,6ba99b50c217824e8d6f16df25b3d4eda4c7552d47cb7848bce554037e790637
224,cctv-gun/ucf,0797.jpg,0224_cctv-gun-ucf_0797.jpg,fd61f301a73d94d8fc6303b657edce6206a745d18580e7d994acd6596f05b71f
225,cctv-gun/ucf,0821.jpg,0225_cctv-gun-ucf_0821.jpg,cd83f3a4d7d5934030cb9eb50040731a2776d8cc9a2f0d3971b3079c3c0dd99a
226,cctv-gun/ucf,0844.jpg,0226_cctv-gun-ucf_0844.jpg,6882c9a85e186ea82e9c262855b55f00e94fbf6176f686eb584c7ce6ffce8d43
227,cctv-gun/ucf,0868.jpg,0227_cctv-gun-ucf_0868.jpg,3a7f009b1834f25f029b6a47ce2479ec1520246df88719b37c66ae9a22394af2
228,cctv-gun/ucf,0891.jpg,0228_cctv-gun-ucf_0891.jpg,f9e1d471c9bcf64ccb48266bfd82f31664042a44e80a1121b08d96a24d02ad04
229,cctv-gun/ucf,0915.jpg,0229_cctv-gun-ucf_0915.jpg,bb79d7fea194e614a5dfab22dfa8cc7fedc5abd50792ccaf8d7df3f4aa3dfd3b
230,cctv-gun/ucf,0938.jpg,0230_cctv-gun-ucf_0938.jpg,32f07524e268ac8b24d34ebff4741efb6dbc8c05509c5704b01dc9577a253cca
231,cctv-gun/ucf,0961.jpg,0231_cctv-gun-ucf_0961.jpg,84773aba85f9d52c7521cf7b0e7ca68e93b19945e4941ae864b2df1fa1fce13b
232,cctv-gun/ucf,0985.jpg,0232_cctv-gun-ucf_0985.jpg,e0bf1dbc8c1b58cbd27bc71bed7f600c3ec31caff9a082d4e7d8f225203c8a7d
233,cctv-gun/ucf,1008.jpg,0233_cctv-gun-ucf_1008.jpg,2f3f1e54971ecfd858b1fbd59f18bf8147efefb587f5cc3ba73ae94ba309255b
234,cctv-gun/ucf,1032.jpg,0234_cctv-gun-ucf_1032.jpg,7a3dca5a0df2a3fda0cbcfdd7fb43727813063ce6efc939da2e7bdcbc858c0de
235,cctv-gun/ucf,1055.jpg,0235_cctv-gun-ucf_1055.jpg,512df5334512436892e8ec919402ef89172df9ce3b43b0fbe583dec4b24df675
236,cctv-gun/ucf,1079.jpg,0236_cctv-gun-ucf_1079.jpg,415d57ecad259c2deae05c1a4e5d4e4236549f885204fa1668de658463a7dd8e
237,cctv-gun/ucf,1102.jpg,0237_cctv-gun-ucf_1102.jpg,636a054d68919c4310dae6a4648cfe53987da12bc2ad4453ec5f528ad7628b04
238,cctv-gun/ucf,1126.jpg,0238_cctv-gun-ucf_1126.jpg,4706a37b955763d6beb8a5dec390b6d2fb72009c2284cbac603fc48f6313ba5e
239,cctv-gun/ucf,1149.jpg,0239_cctv-gun-ucf_1149.jpg,383af6b3c517c18a51166d9f98d37181c6f89407e98ac7240002c40c807b0b84
240,cctv-gun/ucf,1172.jpg,0240_cctv-gun-ucf_1172.jpg,976fa2b32300d73d7c701bc522048d68717f332847f5bc69f940132e873e0a02
241,cctv-gun/ucf,1196.jpg,0241_cctv-gun-ucf_1196.jpg,d7a8f044230e732db3b2c987e7ee57b6c09740d7950c8ced6a79859f5158362a
242,cctv-gun/ucf,1219.jpg,0242_cctv-gun-ucf_1219.jpg,3e07c447f92983316958714186c7e67c8d1397d05d29fbef4a28f31f817f8578
243,cctv-gun/ucf,1243.jpg,0243_cctv-gun-ucf_1243.jpg,869c697c72c7f142e76a10957508b6e1a50730405c7246dba076cfa3e97f7547
244,cctv-gun/ucf,1266.jpg,0244_cctv-gun-ucf_1266.jpg,c860444fee16217cfa461f14102e7ea594a678dce52b517f14f6dbef19105032
245,cctv-gun/ucf,1290.jpg,0245_cctv-gun-ucf_1290.jpg,83e37d210b212db720565f209cae1958bccb654cabeea5cdff6f3f0a335109e7
246,cctv-gun/ucf,1313.jpg,0246_cctv-gun-ucf_1313.jpg,2fc19f9a6f63c0ea96108bfb174bcae65445edd2cb3eca9f0ac591cbf923eb55
247,cctv-gun/ucf,1337.jpg,0247_cctv-gun-ucf_1337.jpg,95e113362d500949b637bf3ac3979275d4ab1271c3ad9e8cf8350715b7af3b9c
248,cctv-gun/ucf,1360.jpg,0248_cctv-gun-ucf_1360.jpg,15de64c07c8edc83ffc07bafd83b2e87a6965da9a14815a1b49785c6ec67e129
249,cctv-gun/ucf,1384.jpg,0249_cctv-gun-ucf_1384.jpg,29b0b1b36a817c90621b5761507353c4c6495b2cfe89559bc11897a490e7c94a
250,cctv-gun/ucf,1407.jpg,0250_cctv-gun-ucf_1407.jpg,0b08465d84a6b3cc1ab5e719ef070847b1df515f584655d320d3ff326769de4a
251,cctv-gun/ucf,1430.jpg,0251_cctv-gun-ucf_1430.jpg,c19141cac7cfee9d849742805e9186ca4de85ed97742fcbdcf75b7f1c83b3b82
252,cctv-gun/ucf,1454.jpg,0252_cctv-gun-ucf_1454.jpg,fa19a00a0d382cb0665779f9176f6efc3bd5689c8db6150c182e205698e8e0bc
253,cctv-gun/ucf,1477.jpg,0253_cctv-gun-ucf_1477.jpg,4f8adbb1dd410ecd43c22391e9536b847745fd8369f3947cc765bbc8aeec5870
254,cctv-gun/ucf,1501.jpg,0254_cctv-gun-ucf_1501.jpg,4a4b52bde897eaed18d87c5e89fd3dbae969c3085890cdbb1845be20105875b2
255,cctv-gun/ucf,1525.jpg,0255_cctv-gun-ucf_1525.jpg,ec08e94af268d6a95265557d34d1092878ece92dc42a712c36ba9b8d9575cd11
256,cctv-gun/ucf,1549.jpg,0256_cctv-gun-ucf_1549.jpg,14d8618ebcadc990eac12054ef89a1db94b3b68340942aacbb3e55db9b896333
257,cctv-gun/ucf,1572.jpg,0257_cctv-gun-ucf_1572.jpg,b7b4a519c0abd9c8376d4e2e4f85bd788e70009f943db6f7d3b2d06dbba7cc80
258,cctv-gun/ucf,1596.jpg,0258_cctv-gun-ucf_1596.jpg,821468d679124f2215149a11682922878e6ed9b21bf77a8c0bea74a3d5b13344
259,cctv-gun/ucf,1619.jpg,0259_cctv-gun-ucf_1619.jpg,bb1c691aea2dffc88a0e976a7618c2c38bd7c43dd8d51403616cfa74c50e8076
260,coco-val2017-person-even,000000000872.jpg,0260_coco-val2017-person-even_000000000872.jpg,c2aa138ee3a59b057a7ba6fc5a6a18e62af531aa7dab78a7bfd33c1cd7e55eb6
261,coco-val2017-person-even,000000006460.jpg,0261_coco-val2017-person-even_000000006460.jpg,2526fc01ddf5bef5c5e6e1f665d63b6bc95d8ec14eab286dc080e95f9a3642cd
262,coco-val2017-person-even,000000009772.jpg,0262_coco-val2017-person-even_000000009772.jpg,ab798f0ee5d1bed52376a5ee8bfbd973cb4c4fface481a9bc7a3ff5d9c57b4c7
263,coco-val2017-person-even,000000016598.jpg,0263_coco-val2017-person-even_000000016598.jpg,a794c8d8258774f04fcf04921d0daf10d60a35d038117279ff0880a2accd49b3
264,coco-val2017-person-even,000000025228.jpg,0264_coco-val2017-person-even_000000025228.jpg,2b6b45ffe7197a9006a98ed31b8f55495bb876e0c224f1695810f04e61f626cd
265,coco-val2017-person-even,000000031118.jpg,0265_coco-val2017-person-even_000000031118.jpg,2cdfc92ff0193efb0a93f9021841308f1cb204d1ac4810d00aa32a515ef033f7
266,coco-val2017-person-even,000000035682.jpg,0266_coco-val2017-person-even_000000035682.jpg,1844cfa76d23a9768578f2c27306ecbad99326d2d374b070af9c56d50058c155
267,coco-val2017-person-even,000000041990.jpg,0267_coco-val2017-person-even_000000041990.jpg,0218020651b6cdcc0051563f75750c8200d34fc49bf34cc053cd59c1f13cad03
268,coco-val2017-person-even,000000046872.jpg,0268_coco-val2017-person-even_000000046872.jpg,fd991bcccf8342f3ab5c5228dce3873765964a545365ac3f31d69b32c8a9258d
269,coco-val2017-person-even,000000051712.jpg,0269_coco-val2017-person-even_000000051712.jpg,ee2064827182164ba79766e6ef5492397170c4d0466e6ae2980faca0ef7cc9e5
270,coco-val2017-person-even,000000055528.jpg,0270_coco-val2017-person-even_000000055528.jpg,284e74d6f4d0af3eb7441b3576ea4aa730861796ede9ec5ba60206a09ab25f20
271,coco-val2017-person-even,000000061268.jpg,0271_coco-val2017-person-even_000000061268.jpg,a24e909fbe59df668c41b2aba50e2f88a316e0d9e28881236454fd1c1b7b44d8
272,coco-val2017-person-even,000000065350.jpg,0272_coco-val2017-person-even_000000065350.jpg,963a129714e3675b99b6a405a2cb46eca5678241358bb6b6bbefc3c3f1943ae0
273,coco-val2017-person-even,000000070254.jpg,0273_coco-val2017-person-even_000000070254.jpg,9a594056863533874cb4b160e781ecebd562721e01e2450cbdd8486801c4979e
274,coco-val2017-person-even,000000076468.jpg,0274_coco-val2017-person-even_000000076468.jpg,ffc672262fe65dfaa7c8ffd499dbb40b06e699aafdf041db3ec50f615fd33436
275,coco-val2017-person-even,000000082688.jpg,0275_coco-val2017-person-even_000000082688.jpg,d0bee59612fce70e02dd30fd24b87ee336a2f4d37e56bd7c66e1f928bd71453c
276,coco-val2017-person-even,000000086220.jpg,0276_coco-val2017-person-even_000000086220.jpg,262a4726993a8b2b344b2080a462cf3c495274e51c11c68b8df1ef6de9d50d46
277,coco-val2017-person-even,000000090956.jpg,0277_coco-val2017-person-even_000000090956.jpg,4cd3cdfd87e339afae764353aaa4006724135b9e933cd2d6177b94fd1d835d1a
278,coco-val2017-person-even,000000099024.jpg,0278_coco-val2017-person-even_000000099024.jpg,b4fcb2faf1245d03bc09e0964bd345c13e01eb8aef4deb403cbf14379875c3b4
279,coco-val2017-person-even,000000104424.jpg,0279_coco-val2017-person-even_000000104424.jpg,569aa89fdabc7f62bf7e14003f847a72a0d82705c73e4e1d55d88852712fb3ba
280,coco-val2017-person-even,000000112298.jpg,0280_coco-val2017-person-even_000000112298.jpg,0d9dd28416e30820c6283cf132225205bda2c8852e80480a269abc068b0d2581
281,coco-val2017-person-even,000000121242.jpg,0281_coco-val2017-person-even_000000121242.jpg,63c1eeacec4fc367dc318672c0ac8aeb487c91abfe250ddea45d8ad25582c038
282,coco-val2017-person-even,000000126110.jpg,0282_coco-val2017-person-even_000000126110.jpg,68f6289ad123cea10bf3111a6776409bf571d0b57a1453475debe54e1a36e961
283,coco-val2017-person-even,000000129756.jpg,0283_coco-val2017-person-even_000000129756.jpg,46c0e8721b27741971feadc7eb37aa3d710e50294a3b27dbe8b522e3eab3295f
284,coco-val2017-person-even,000000134322.jpg,0284_coco-val2017-person-even_000000134322.jpg,33141512239a36606c04cb1ce97b30787ba3bf050f45a213e7787c4581a3ad6f
285,coco-val2017-person-even,000000140556.jpg,0285_coco-val2017-person-even_000000140556.jpg,132750613623f8796699dc0e4c6f70aea6c9e0fa09dadd37d72b9df729a01a1f
286,coco-val2017-person-even,000000144784.jpg,0286_coco-val2017-person-even_000000144784.jpg,375858b7445628593a2a3a1866a6f28d52aaf97ab5ab8a8d7a98db5361e49676
287,coco-val2017-person-even,000000151000.jpg,0287_coco-val2017-person-even_000000151000.jpg,1edf13e17d6a80e3782c5ea71d8215a1415c5603ed91de78844b13ee4883894c
288,coco-val2017-person-even,000000156924.jpg,0288_coco-val2017-person-even_000000156924.jpg,082a70c2f73301eb02c31170e638a0b4610f299b242c0af232954b7e2766a55e
289,coco-val2017-person-even,000000161128.jpg,0289_coco-val2017-person-even_000000161128.jpg,4698f1cd6364d17702a85bb16dc91c0059429baf5f37bf7fcb848138f1c7035b
290,coco-val2017-person-even,000000166478.jpg,0290_coco-val2017-person-even_000000166478.jpg,fd8bc7068c29415b1b343de153a1f77491f55f2ac5aaa3994a3ffa884c08d884
291,coco-val2017-person-even,000000171788.jpg,0291_coco-val2017-person-even_000000171788.jpg,ed082f222f2377d1df458552053b718593973f690ce4c59e3851fe1600ace970
292,coco-val2017-person-even,000000180560.jpg,0292_coco-val2017-person-even_000000180560.jpg,b485d64a3c769704ecabd162d63788b07069c3fe3b2bd4658857658d58bc2fc7
293,coco-val2017-person-even,000000185890.jpg,0293_coco-val2017-person-even_000000185890.jpg,f2eca093fbcf84dc9d19ae25ea663cccfda23be04e0a805ad475121fd4e787a7
294,coco-val2017-person-even,000000190756.jpg,0294_coco-val2017-person-even_000000190756.jpg,bf0912b5588750086467ccc832942bced9380771fcf057add3fb1e67d6b2e95a
295,coco-val2017-person-even,000000197388.jpg,0295_coco-val2017-person-even_000000197388.jpg,dec0fbb931cb609bf481e56b89cd2fbbab79839f22832c3bbe69a8fae2769cdd
296,coco-val2017-person-even,000000203294.jpg,0296_coco-val2017-person-even_000000203294.jpg,c5d43fb94e11fae1e3bf97b08bebb4a96d7735bb92a6bab8bf8618000208ef9c
297,coco-val2017-person-even,000000212166.jpg,0297_coco-val2017-person-even_000000212166.jpg,0dede49a6e46d23e1ddf122a8040e537cc0c3477021091424bc6f96f84cac30f
298,coco-val2017-person-even,000000220584.jpg,0298_coco-val2017-person-even_000000220584.jpg,343e0e3a67454826a63962f938585a73ea42da422d912c8c16978c142496c8e6
299,coco-val2017-person-even,000000226408.jpg,0299_coco-val2017-person-even_000000226408.jpg,b1ec6312140b21f1ba9e6de00f1aae76ce065d263d331f101033a5597c18ece1
300,coco-val2017-person-even,000000232684.jpg,0300_coco-val2017-person-even_000000232684.jpg,a8ebda7bb7fa678eb0fee4f3466a3794ffa25765ad20cee6bd7a19748491e3af
301,coco-val2017-person-even,000000240250.jpg,0301_coco-val2017-person-even_000000240250.jpg,fb37c81f0e4a91f28ac009ce2ca5316e9070486afa76888548637e141d74b40a
302,coco-val2017-person-even,000000246436.jpg,0302_coco-val2017-person-even_000000246436.jpg,3a26ddd5d14af75761a04d8948be0031208947968f7d27157a67bacbcdb2f48c
303,coco-val2017-person-even,000000251572.jpg,0303_coco-val2017-person-even_000000251572.jpg,359ddd62f3bd41d46d67a469e2401d53ed2742d165ec235d5e9c22f0c26c0af6
304,coco-val2017-person-even,000000257084.jpg,0304_coco-val2017-person-even_000000257084.jpg,b16db6ed8f5fc937d66dabc7434f32eb9a1b6e06f7719e2a0d0871d0631d3e4c
305,coco-val2017-person-even,000000261116.jpg,0305_coco-val2017-person-even_000000261116.jpg,8cfc85a1dcb5cffed839da9ecfa431ea148b5e14541b16cece4f9f5c6a969dbe
306,coco-val2017-person-even,000000268000.jpg,0306_coco-val2017-person-even_000000268000.jpg,3c9437a1335fa20f64b9172234e89faa73a1b6c19ac6bb2e5051774e9f1ab619
307,coco-val2017-person-even,000000273232.jpg,0307_coco-val2017-person-even_000000273232.jpg,d54aca7cd1dc830c253347f9101d3b2381f31b4f9dec5107b54f2ea0d5bc044e
308,coco-val2017-person-even,000000277020.jpg,0308_coco-val2017-person-even_000000277020.jpg,791eb6de6cf059c67b2b7809cd5132b3708ed39d36a1f67c55714a91391b3cfc
309,coco-val2017-person-even,000000283520.jpg,0309_coco-val2017-person-even_000000283520.jpg,631a6472e729f091315113046e821686b1cace4b7d63f6d4d097b481af546665
310,coco-val2017-person-even,000000289594.jpg,0310_coco-val2017-person-even_000000289594.jpg,6ea6d77f15b4f91be09e0a15bcae0e583c2224c24ab05ceca54ba906bcd5314a
311,coco-val2017-person-even,000000293794.jpg,0311_coco-val2017-person-even_000000293794.jpg,417cc6070263d75276d13bf64f7422d0b7a99fe790fbb3b0fb629f13e674b0a6
312,coco-val2017-person-even,000000301376.jpg,0312_coco-val2017-person-even_000000301376.jpg,57ead4a94a6df986a161c014c0719b6c37b52ea2aa2246c297ec44db06eb7a2e
313,coco-val2017-person-even,000000308328.jpg,0313_coco-val2017-person-even_000000308328.jpg,58a5b249b1f0f9b33ac2a3fc00fb7217e359a6430d300f637397dcef9c91e2b7
314,coco-val2017-person-even,000000312552.jpg,0314_coco-val2017-person-even_000000312552.jpg,48debaf09e71230fc9aad193c78d4b35e150b48bbeeb1959a663223761ad5efd
315,coco-val2017-person-even,000000319534.jpg,0315_coco-val2017-person-even_000000319534.jpg,cb018144e2a6a2b66f620f12df0e2ac05f5e2daea8923aeb0000e94a55a3ea58
316,coco-val2017-person-even,000000324614.jpg,0316_coco-val2017-person-even_000000324614.jpg,349e8a6b5af5f7455e1ede69e260e7a664dcf12a9af328df058d5cfb260d631f
317,coco-val2017-person-even,000000329614.jpg,0317_coco-val2017-person-even_000000329614.jpg,d7f489d1ac157f059251353c9fd3c0063cb13ef72c4ee6ff08343b4b0ac24e38
318,coco-val2017-person-even,000000336658.jpg,0318_coco-val2017-person-even_000000336658.jpg,df6714f025c3c3020d592110ef0742d4b75b1d9383817cb2e4713678338de4ba
319,coco-val2017-person-even,000000344268.jpg,0319_coco-val2017-person-even_000000344268.jpg,35f8ceeb90aa95f77693872f0cb1b27eef2583d157c2669fd83e2c72396f1ed3
320,coco-val2017-person-even,000000350148.jpg,0320_coco-val2017-person-even_000000350148.jpg,887b3caf92b74588d54005ebdf8dfbf925af064c64fb0c6ca64549b121684b46
321,coco-val2017-person-even,000000357238.jpg,0321_coco-val2017-person-even_000000357238.jpg,52f4156aec8f9aa3795941e457f69da579b277e1df855acedc48c9a97a03445d
322,coco-val2017-person-even,000000362520.jpg,0322_coco-val2017-person-even_000000362520.jpg,e7d7b2042253c96bbb74418afee60182f133ee7f3ccbc1b41159b0c42183602f
323,coco-val2017-person-even,000000367680.jpg,0323_coco-val2017-person-even_000000367680.jpg,15a0aa08ef2c7dc21f247375f72459b6ee3f99b57a98482e5251294fc324b231
324,coco-val2017-person-even,000000374052.jpg,0324_coco-val2017-person-even_000000374052.jpg,479a1d13dd9f3744a61e8abc34df64b41793e807be0bcbf3ad3bc3768eda4f71
325,coco-val2017-person-even,000000378454.jpg,0325_coco-val2017-person-even_000000378454.jpg,1ae76b4a2a9b1f4cb20cbc63977de7326eba87405aac9e16d0e958619ebccd98
326,coco-val2017-person-even,000000385190.jpg,0326_coco-val2017-person-even_000000385190.jpg,cf3f29102a816983fd65daace27a91c4da55438eb16de7869ccbd76a268e1fdc
327,coco-val2017-person-even,000000391290.jpg,0327_coco-val2017-person-even_000000391290.jpg,9c8c8340cc5c7dbab1b17dcb957dc0ccf3e1345effbbce5d14122cf7e6f7d690
328,coco-val2017-person-even,000000398028.jpg,0328_coco-val2017-person-even_000000398028.jpg,e7fbf9a587ec789d8aac2b3e14ff8e1cc254d1ffbc623343e8d75753e2c6f139
329,coco-val2017-person-even,000000402774.jpg,0329_coco-val2017-person-even_000000402774.jpg,de2566157fe6dc38cd6a87b557d7b731079b39ea009e835f310f558445b506ca
330,coco-val2017-person-even,000000408696.jpg,0330_coco-val2017-person-even_000000408696.jpg,b73523841e0dd790e28cfb7b74fa2081ac156e012f56aa6a63ddcb3a9545a8a1
331,coco-val2017-person-even,000000412286.jpg,0331_coco-val2017-person-even_000000412286.jpg,2c482d365623b18f877b90eea879331d4d11f8c9f8b13f058aa8cb1ef31cb58d
332,coco-val2017-person-even,000000418062.jpg,0332_coco-val2017-person-even_000000418062.jpg,6878c319a0fcf0cb9a1f24efa3129fefe01b07be2c655746cfa31516f4344c52
333,coco-val2017-person-even,000000424642.jpg,0333_coco-val2017-person-even_000000424642.jpg,913fc8828e3f2f1c9a60062144639e09aa28dad23de49e8212976136ea5ab89b
334,coco-val2017-person-even,000000428562.jpg,0334_coco-val2017-person-even_000000428562.jpg,6f216bf59d62aac2a32d910d0855b83dcd85559e750defa31c9da22ea75a223d
335,coco-val2017-person-even,000000437514.jpg,0335_coco-val2017-person-even_000000437514.jpg,f9da58f51bf97c0a5ec0d59b6bceeac0923938aa8c0bbcfc1a8a05d0205ddb54
336,coco-val2017-person-even,000000441468.jpg,0336_coco-val2017-person-even_000000441468.jpg,32fe328e4e9e63511f429d3ac48e2495b6a678ee4cb823c60e1deee2d3bbeb61
337,coco-val2017-person-even,000000446206.jpg,0337_coco-val2017-person-even_000000446206.jpg,37f631d7cf9ff3f54abb80600fa15651061c228fb1265b95888847de72e06bae
338,coco-val2017-person-even,000000451714.jpg,0338_coco-val2017-person-even_000000451714.jpg,5b6ee6f8b9929818dab8ba1eb713fe9c05b44ffbe9492f0d37fa9f8658f00be8
339,coco-val2017-person-even,000000459272.jpg,0339_coco-val2017-person-even_000000459272.jpg,86fcc50b7b87ac6fb66e75e2158d0017730a1f05c5e6351c0d3e87bb760223f9
340,coco-val2017-person-even,000000464144.jpg,0340_coco-val2017-person-even_000000464144.jpg,7092108c7d08bec2ba9407ee25e243ad5610350306d2c2b78000359bc9ad9f9e
341,coco-val2017-person-even,000000468332.jpg,0341_coco-val2017-person-even_000000468332.jpg,88b38a4723e3fb2546171cb3938f31243a100fcba9d607d94834aea4af87a5e0
342,coco-val2017-person-even,000000474028.jpg,0342_coco-val2017-person-even_000000474028.jpg,f2c62d024959d0961cd5bee4f78efc015c221b908005c5bbdbeaaede7d8d0cf6
343,coco-val2017-person-even,000000479248.jpg,0343_coco-val2017-person-even_000000479248.jpg,7568f9ca909b10cb1ff733e79ed2661e310d8018261e5d8b4f4e6621e404508b
344,coco-val2017-person-even,000000486112.jpg,0344_coco-val2017-person-even_000000486112.jpg,8a2918d24583f33aedc6cdc212c129176e6535102c5e87f418a4f230e9002bfb
345,coco-val2017-person-even,000000491464.jpg,0345_coco-val2017-person-even_000000491464.jpg,1d3cf9e6cb1a68aa3923c03deb225629bcff3b0c326ae11b7be601eed7e31af1
346,coco-val2017-person-even,000000495732.jpg,0346_coco-val2017-person-even_000000495732.jpg,e9e32a72f839bdd5438814c6007ee97613e0c3c69c22535fcd1ab1920ddcfc92
347,coco-val2017-person-even,000000504074.jpg,0347_coco-val2017-person-even_000000504074.jpg,20b41a4613f4764272f97bd4522ffeefd52cd0e9a7cb604578e2644a7dce4c83
348,coco-val2017-person-even,000000512776.jpg,0348_coco-val2017-person-even_000000512776.jpg,4f8ed5cbc44b8315f3c70f6baa00ab46e35ea09b6e41e53ee42f63fe54be70ae
349,coco-val2017-person-even,000000519208.jpg,0349_coco-val2017-person-even_000000519208.jpg,251ea96f960403b82085683813326671034e3dfa5171887bd155fb14528a9534
350,coco-val2017-person-even,000000527750.jpg,0350_coco-val2017-person-even_000000527750.jpg,37880869f596cc072f87c5790adf42993b4492123fda01ddbd8de05de10baab3
351,coco-val2017-person-even,000000533816.jpg,0351_coco-val2017-person-even_000000533816.jpg,b8d9c78cd2f203cd1692d3631dbc656b5db9cf506082b9f52f7d3e8a80f44478
352,coco-val2017-person-even,000000540466.jpg,0352_coco-val2017-person-even_000000540466.jpg,be4515a5675c94535883e284832654b573b484170dc5f7e480ab456d9bda706c
353,coco-val2017-person-even,000000548780.jpg,0353_coco-val2017-person-even_000000548780.jpg,8d8b075cbc8bfb5a1767d65683ede1bb389ac0e49d79d6dfc7b3f934e1c263df
354,coco-val2017-person-even,000000554002.jpg,0354_coco-val2017-person-even_000000554002.jpg,a53dd6f623305a2a60828d28fbd90ccdf2998539a71e4301267641963e56213c
355,coco-val2017-person-even,000000559956.jpg,0355_coco-val2017-person-even_000000559956.jpg,6ab5c1accd150f89bbadf27485c48c15a39088e3f6619a523cb0b6499e460d6d
356,coco-val2017-person-even,000000565778.jpg,0356_coco-val2017-person-even_000000565778.jpg,99d451a808c601cb7176fc66de519bdf333c27a528ca425ec11cb3adbc6dfb96
357,coco-val2017-person-even,000000569976.jpg,0357_coco-val2017-person-even_000000569976.jpg,626ded25c5b709b10202ff57fe9c188f76a2b25ee3fdb354a6871d0645bd90f0
358,coco-val2017-person-even,000000574520.jpg,0358_coco-val2017-person-even_000000574520.jpg,4b4a90e16ea438f390bf42ab4982ec902304d9b2bc54eb6d058940f6c853e391
359,coco-val2017-person-even,000000581206.jpg,0359_coco-val2017-person-even_000000581206.jpg,5c1be150d00f4434be36ed5c42d0dd7b510666410dd2b3eb02449efb7fc3e47d
360,fixture/adl-720p,adl_0001.jpg,0360_fixture-adl-720p_adl_0001.jpg,fd80b42382139db2040ecce00883f27685d102b8744aff34760b6c131af7f141
361,fixture/adl-720p,adl_0003.jpg,0361_fixture-adl-720p_adl_0003.jpg,9fd6370b62d250e844a48eac64d12be9266cf666b506f714c79368cb7fe45624
362,fixture/adl-720p,adl_0005.jpg,0362_fixture-adl-720p_adl_0005.jpg,6166dd45cbc7851e68f3710954426fe5c3d8428bf9fcb1711013f8bcf84fe8c4
363,fixture/adl-720p,adl_0007.jpg,0363_fixture-adl-720p_adl_0007.jpg,ddee0fb7e2495931318e7ca2db95f7866967f6d4de30a5c414b1c99ac676f2f9
364,fixture/adl-720p,adl_0009.jpg,0364_fixture-adl-720p_adl_0009.jpg,64a68d156d41e6efd648f0fdf4dbb697a53bf524843d7b1c05ad4f51aafd6412
365,fixture/adl-720p,adl_0011.jpg,0365_fixture-adl-720p_adl_0011.jpg,06855c7d319997b5735bd65eaa67b345fb823dfaefc60810efbee0683d2ecca7
366,fixture/adl-720p,adl_0013.jpg,0366_fixture-adl-720p_adl_0013.jpg,239610f13fad8e689d6de11dcebecf0036eaad3e89f19e08470e75a126dcdb6e
367,fixture/adl-720p,adl_0015.jpg,0367_fixture-adl-720p_adl_0015.jpg,03d8bb83ff4e68a530e2adfe12d0ce05b62c92c0e47c9a2a3b44d3c287defcee
368,fixture/adl-720p,adl_0018.jpg,0368_fixture-adl-720p_adl_0018.jpg,3f71af493ad6dd6482cfa89dd222e27353f381034687b99a8d3365eb9e44e35b
369,fixture/adl-720p,adl_0020.jpg,0369_fixture-adl-720p_adl_0020.jpg,4a262982e0e803080e675e72d1f449c303ba4e4d4c03c5ac6e0d717731825f4e
370,fixture/adl-720p,adl_0022.jpg,0370_fixture-adl-720p_adl_0022.jpg,b6d0314daaa9d8e2799fb6054828956f74702e0dbc935aec0f36f3e95f2e1a82
371,fixture/adl-720p,adl_0024.jpg,0371_fixture-adl-720p_adl_0024.jpg,e3240bddb369166322f80555db1ee6840dbbd33369b5fa87ec888a7eda832f62
372,fixture/adl-720p,adl_0026.jpg,0372_fixture-adl-720p_adl_0026.jpg,3975cbf6f1628929b9ccb51fccd6c08e188bfd8e142b588cfe4132eaa5fbcfd9
373,fixture/adl-720p,adl_0028.jpg,0373_fixture-adl-720p_adl_0028.jpg,b326a5411e53f26ee1d460f97212866bdf418709a00b69ff479328375ca16342
374,fixture/adl-720p,adl_0030.jpg,0374_fixture-adl-720p_adl_0030.jpg,b87927e4323a0cdce5ec272bf8b6c1f3eb1efb3f6ccc547ab07fe17f5cae6536
375,fixture/adl-720p,adl_0032.jpg,0375_fixture-adl-720p_adl_0032.jpg,b853419d6178fafcccf895b8e45921db8239429e1c433f7e46110f29228e1002
376,fixture/adl-720p,adl_0034.jpg,0376_fixture-adl-720p_adl_0034.jpg,df8b4655973dbae5257f351b7589eadf2620b03435c8f27b9d31d3ba9defc415
377,fixture/adl-720p,adl_0036.jpg,0377_fixture-adl-720p_adl_0036.jpg,bd2845b83a9d7ab9634da354a19c0b897a6e977ac88a629a28ddd11d6c1774f6
378,fixture/adl-720p,adl_0038.jpg,0378_fixture-adl-720p_adl_0038.jpg,ec6813afd2062411dd90d06bccbe5b7d64c2e676cf4b84baef1e898126c13523
379,fixture/adl-720p,adl_0040.jpg,0379_fixture-adl-720p_adl_0040.jpg,36e6af8b67812f29ed171c30a0358e098a5d08b58961499ea8b942680b59ba2f
380,fixture/adl-720p,adl_0042.jpg,0380_fixture-adl-720p_adl_0042.jpg,a773dde6d6ef4eda658c487883a23ba2a3df587a60d4c1da88e8246ca2fa4b77
381,fixture/adl-720p,adl_0044.jpg,0381_fixture-adl-720p_adl_0044.jpg,f0b3f518cafda3a718e4e6c2582bde9202f095cbe57f55dfd933c75516612154
382,fixture/adl-720p,adl_0047.jpg,0382_fixture-adl-720p_adl_0047.jpg,4ff2eb7a02fc3fbad90288f306a80f0689ca6b61e9ccc40ed13f99a782d436d5
383,fixture/adl-720p,adl_0049.jpg,0383_fixture-adl-720p_adl_0049.jpg,ee06d88a24bb3f76eb98dc7a349a9af3cfd34e008db8b851e5b60c8bc3549e57
384,fixture/adl-720p,adl_0051.jpg,0384_fixture-adl-720p_adl_0051.jpg,573483dd8d225140be20a1a8b24a50c5f3ac8c0aa70bb7627d121cecbed64eb2
385,fixture/adl-720p,adl_0053.jpg,0385_fixture-adl-720p_adl_0053.jpg,c3bb6ef3d858606da1d431cbf1571b4c7adc1f4edf835f4879d40c064a569100
386,fixture/adl-720p,adl_0055.jpg,0386_fixture-adl-720p_adl_0055.jpg,183d3363b9e92dfff57365172b59dd290fb4f42347ff197ddddae81736e74182
387,fixture/adl-720p,adl_0057.jpg,0387_fixture-adl-720p_adl_0057.jpg,9bb40db374c9fa53808e23a82e8fd0cceaa2e6f28dfcff179514af488271219f
388,fixture/adl-720p,adl_0059.jpg,0388_fixture-adl-720p_adl_0059.jpg,b6c33368f304199ff8a5ac9a3547c716952cf8d9634f08f0768fac65502edd62
389,fixture/adl-720p,adl_0061.jpg,0389_fixture-adl-720p_adl_0061.jpg,47a68fbeb18de3e66e234663f0e4f683e118e504e462c6937d48e9389f63815d
390,fixture/truth-mp4,truth_0001.jpg,0390_fixture-truth-mp4_truth_0001.jpg,edd001c709c8292ea2b34d4f590aebdef840018b4421114b66cadc4c93407b86
391,fixture/truth-mp4,truth_0003.jpg,0391_fixture-truth-mp4_truth_0003.jpg,bea847246b72793bc57589cb41f5f1adc4beda3c3e6fa60fc0637f3715c884e5
392,fixture/truth-mp4,truth_0005.jpg,0392_fixture-truth-mp4_truth_0005.jpg,8496f985f758978e5371a61fd175caf6492169e24f2454ba8e748a98a60fd047
393,fixture/truth-mp4,truth_0007.jpg,0393_fixture-truth-mp4_truth_0007.jpg,7257ac19e8b789cfc5208c496aab842aff86a6972989e6be9ed53ed1358e12e7
394,fixture/truth-mp4,truth_0009.jpg,0394_fixture-truth-mp4_truth_0009.jpg,d7f4bdd723a785289d33f592118b6e72bfa0a6c1fe0b2052c41aa18cb0bff8f0
395,fixture/truth-mp4,truth_0012.jpg,0395_fixture-truth-mp4_truth_0012.jpg,f6bda3d64304e87143943a1326e4cebfd24ee2aa9f0e36af19dd093eea886359
396,fixture/truth-mp4,truth_0014.jpg,0396_fixture-truth-mp4_truth_0014.jpg,1c6a243931f5e89df4d21f309927301b71cb7f6bd436924a6ee46aa7fca39dbe
397,fixture/truth-mp4,truth_0016.jpg,0397_fixture-truth-mp4_truth_0016.jpg,9e29afaa53e941a77cad5ffa77f0ef1c4937bcb7297b25bd9cd71b6bdbe11381
398,fixture/truth-mp4,truth_0018.jpg,0398_fixture-truth-mp4_truth_0018.jpg,f159bc79dc55937e42afb44d94df9b8c0607f91275c983affdd3f74ae529afc7
399,fixture/truth-mp4,truth_0020.jpg,0399_fixture-truth-mp4_truth_0020.jpg,a11aefb0a50a6902ff211ac19350c22f679483fb22b81075139e243f6ba83815
